time,latitude,longitude,depth,mag,magType,nst,gap,dmin,rms,net,id,updated,place,type,horizontalError,depthError,magError,magNst,status,locationSource,magSource
2017-03-16T19:37:32.570Z,-35.4648,-179.5779,35.0,5.0,mb,,157.0,2.699,0.95,us,us20008sj2,2017-03-16T20:31:30.040Z,East of the North Island of New Zealand,earthquake,12.8,1.9,0.115,24.0,reviewed,us,us
2017-03-16T18:39:24.680Z,-11.6429,114.5423,10.0,5.4,mb,,55.0,3.176,1.45,us,us20008siq,2017-03-16T20:16:27.040Z,"South of Bali, Indonesia",earthquake,3.2,1.8,0.077,61.0,reviewed,us,us
2017-03-16T18:28:34.620Z,-8.0473,160.8493,35.0,4.7,mb,,111.0,1.645,1.28,us,us20008six,2017-03-16T19:48:22.040Z,"81km NNE of Auki, Solomon Islands",earthquake,12.4,2.0,0.087,40.0,reviewed,us,us
2017-03-16T18:25:26.950Z,-8.0735,160.7629,35.0,5.1,mb,,63.0,1.577,1.17,us,us20008sim,2017-03-16T19:37:47.040Z,"77km N of Auki, Solomon Islands",earthquake,7.8,1.9,0.042,186.0,reviewed,us,us
2017-03-16T17:16:45.030Z,5.0864,127.7516,88.94,4.8,mb,,128.0,2.923,0.68,us,us20008sii,2017-03-16T19:01:25.040Z,"224km SE of Pondaguitan, Philippines",earthquake,9.4,8.5,0.084,44.0,reviewed,us,us
2017-03-16T15:38:09.650Z,4.8931,-72.6136,11.64,5.2,mb,,51.0,1.097,1.03,us,us20008shs,2017-03-16T20:23:49.961Z,"18km NNW of Ubala, Colombia",earthquake,5.2,4.4,0.027000000000000003,438.0,reviewed,us,us
2017-03-16T14:12:15.670Z,-6.3922,147.253,82.33,4.7,mb,,84.0,2.9939999999999998,1.46,us,us20008shl,2017-03-16T14:33:44.040Z,"47km NE of Lae, Papua New Guinea",earthquake,9.5,4.4,0.08900000000000001,38.0,reviewed,us,us
2017-03-16T08:29:14.400Z,-23.724,179.1622,540.75,5.1,mb,,58.0,6.039,0.77,us,us20008sfq,2017-03-16T08:47:15.040Z,South of the Fiji Islands,earthquake,9.7,7.5,0.066,75.0,reviewed,us,us
2017-03-16T08:08:05.780Z,-24.17,-66.9191,190.39,5.2,mb,,39.0,2.398,1.28,us,us20008sfi,2017-03-16T21:04:47.793Z,"61km W of San Antonio de los Cobres, Argentina",earthquake,9.3,20.4,0.036000000000000004,256.0,reviewed,us,us
2017-03-16T07:05:12.310Z,-33.9915,-72.1759,22.68,4.5,mwr,,75.0,0.574,0.68,us,us20008sf5,2017-03-16T21:04:18.834Z,"67km SW of San Antonio, Chile",earthquake,4.1,5.0,0.036000000000000004,73.0,reviewed,us,us
2017-03-16T06:30:42.380Z,-20.3361,-173.1111,10.0,5.2,mb,,107.0,3.25,1.19,us,us20008sf4,2017-03-16T06:50:14.040Z,"142km ESE of Pangai, Tonga",earthquake,10.6,1.9,0.078,54.0,reviewed,us,us
2017-03-15T22:19:42.190Z,51.2211,179.0567,22.68,5.6,mww,,45.0,0.218,1.32,us,us20008sd8,2017-03-16T16:16:14.613Z,"89km SSE of Little Sitkin Island, Alaska",earthquake,6.4,3.4,0.057999999999999996,29.0,reviewed,us,us
2017-03-15T21:47:15.310Z,51.1705,179.0891,27.81,4.9,mb,,130.0,0.245,0.98,us,us20008sd5,2017-03-15T22:13:42.587Z,"93km SSW of Semisopochnoi Island, Alaska",earthquake,8.0,4.8,0.040999999999999995,190.0,reviewed,us,us
2017-03-15T18:01:00.870Z,-5.9167,151.1342,46.86,4.9,mb,,64.0,1.9969999999999999,0.73,us,us20008sbb,2017-03-15T19:15:49.040Z,"117km ESE of Kimbe, Papua New Guinea",earthquake,8.3,8.0,0.07400000000000001,58.0,reviewed,us,us
2017-03-15T16:38:19.740Z,-5.4842,146.8759,212.01,4.5,mb,,77.0,3.905,1.03,us,us20008sar,2017-03-16T00:31:39.353Z,"123km ESE of Madang, Papua New Guinea",earthquake,10.4,8.5,0.079,47.0,reviewed,us,us
2017-03-15T15:17:19.730Z,60.926,165.5867,16.55,4.9,mb,,111.0,7.178999999999999,0.65,us,us20008s9z,2017-03-15T22:07:32.040Z,"58km NNW of Tilichiki, Russia",earthquake,8.5,4.1,0.032,316.0,reviewed,us,us
2017-03-15T09:59:10.890Z,-6.8069,129.9902,132.78,4.5,mb,,89.0,1.746,0.81,us,us20008s97,2017-03-15T10:22:51.040Z,"193km NW of Saumlaki, Indonesia",earthquake,8.8,6.6,0.121,20.0,reviewed,us,us
2017-03-15T05:35:16.900Z,-5.5079,154.0038,42.16,4.8,mb,,119.0,2.252,1.22,us,us20008s8i,2017-03-15T06:24:49.040Z,"157km SE of Taron, Papua New Guinea",earthquake,9.6,4.8,0.096,34.0,reviewed,us,us
2017-03-15T02:26:53.980Z,-7.9489,107.8601,67.86,4.6,mb,,119.0,2.638,1.18,us,us20008s80,2017-03-15T02:45:59.040Z,"26km SSW of Ciheras, Indonesia",earthquake,8.2,6.4,0.085,41.0,reviewed,us,us
2017-03-15T01:38:57.450Z,1.7687,127.0391,65.78,5.1,mb,,54.0,1.043,0.77,us,us20008s7z,2017-03-15T01:56:13.040Z,"108km W of Tobelo, Indonesia",earthquake,6.8,6.4,0.067,72.0,reviewed,us,us
2017-03-15T00:23:24.020Z,-44.9371,167.6442,130.64,4.5,mb,,82.0,0.544,0.85,us,us20008s7t,2017-03-15T00:59:48.786Z,"53km N of Te Anau, New Zealand",earthquake,7.1,7.2,0.128,18.0,reviewed,us,us
2017-03-15T00:00:27.110Z,-35.2035,-70.9627,98.42,4.6,mb,,55.0,0.436,1.02,us,us20008s7n,2017-03-15T08:26:12.851Z,"30km ESE of Molina, Chile",earthquake,5.5,5.1,0.08,46.0,reviewed,us,us
2017-03-14T23:39:26.890Z,-40.5141,-91.8906,10.0,4.9,mb,,71.0,14.356,0.73,us,us20008s7j,2017-03-15T00:05:56.040Z,West Chile Rise,earthquake,14.5,1.9,0.071,62.0,reviewed,us,us
2017-03-14T21:01:12.960Z,52.3035,-170.5655,52.3,5.1,mb,,130.0,0.662,1.06,us,us20008s6s,2017-03-14T21:22:42.338Z,"37km SSE of Yunaska Island, Alaska",earthquake,7.5,6.7,0.032,312.0,reviewed,us,us
2017-03-14T20:31:27.290Z,-24.4112,-175.4864,10.0,5.1,mb,,91.0,5.285,1.39,us,us20008s6f,2017-03-15T17:06:12.040Z,South of Tonga,earthquake,8.9,1.8,0.063,82.0,reviewed,us,us
2017-03-14T20:03:49.110Z,-24.0054,-67.0795,201.83,4.5,mb,,35.0,2.181,1.26,us,us20008s69,2017-03-15T16:46:25.040Z,"80km WNW of San Antonio de los Cobres, Argentina",earthquake,7.3,7.8,0.136,19.0,reviewed,us,us
2017-03-14T18:16:51.960Z,-30.3057,-177.4697,31.48,5.3,mb,,55.0,1.13,0.9,us,us100088xz,2017-03-15T15:56:11.040Z,"122km SSE of Raoul Island, New Zealand",earthquake,9.0,3.8,0.048,146.0,reviewed,us,us
2017-03-14T15:03:39.950Z,-15.6669,-177.1231,10.0,5.2,mb,,74.0,5.063,0.49,us,us100088wf,2017-03-14T16:16:48.153Z,"188km SE of Sigave, Wallis and Futuna",earthquake,10.6,1.8,0.049,138.0,reviewed,us,us
2017-03-14T13:13:38.120Z,3.6430000000000002,95.8566,41.23,5.5,mb,,48.0,1.9140000000000001,1.28,us,us100088vy,2017-03-14T17:32:56.040Z,"62km SSW of Meulaboh, Indonesia",earthquake,7.0,3.8,0.039,228.0,reviewed,us,us
2017-03-14T12:36:43.950Z,-20.9839,169.9928,129.73,5.6,mww,,49.0,2.582,1.02,us,us100088vp,2017-03-14T15:20:21.040Z,"175km SSE of Isangel, Vanuatu",earthquake,8.6,6.2,,,reviewed,us,us
2017-03-14T11:52:18.870Z,-17.8444,-172.2689,10.0,4.6,mb,,135.0,2.5380000000000003,1.31,us,us100088vg,2017-03-14T16:21:29.899Z,"202km ENE of Neiafu, Tonga",earthquake,12.2,1.9,0.094,34.0,reviewed,us,us
2017-03-14T11:47:58.950Z,9.7662,125.3667,58.52,4.6,mb,,109.0,2.687,0.87,us,us100088vj,2017-03-15T10:47:10.179Z,"6km W of San Francisco, Philippines",earthquake,10.4,7.9,0.067,66.0,reviewed,us,us
2017-03-14T11:07:11.400Z,39.2694,73.4711,10.0,5.1,mb,,81.0,2.245,0.89,us,us100088v9,2017-03-14T11:26:21.040Z,"30km NNW of Karakul, Tajikistan",earthquake,5.9,1.8,0.048,141.0,reviewed,us,us
2017-03-14T09:13:27.980Z,-3.3369999999999997,137.5581,68.52,4.9,mb,,97.0,5.317,1.12,us,us100088uy,2017-03-14T09:31:48.040Z,"148km ENE of Enarotali, Indonesia",earthquake,9.1,4.5,0.084,44.0,reviewed,us,us
2017-03-14T06:56:38.880Z,31.6366,141.7827,10.0,4.7,mb,,117.0,2.224,1.13,us,us100088uh,2017-03-14T07:20:23.040Z,"246km SE of Hachijo-jima, Japan",earthquake,9.6,1.9,0.057,92.0,reviewed,us,us
2017-03-14T05:55:21.830Z,0.6764,121.1553,79.23,5.6,mb,,36.0,0.5710000000000001,0.96,us,us100088tq,2017-03-14T16:19:17.040Z,"48km WNW of Lemito, Indonesia",earthquake,6.7,1.9,0.079,72.0,reviewed,us,us
2017-03-14T04:36:30.320Z,-5.6735,110.1787,541.23,5.2,mb,,72.0,1.391,0.82,us,us100088t6,2017-03-14T16:44:34.685Z,"107km NNW of Batang, Indonesia",earthquake,10.1,9.9,0.217,7.0,reviewed,us,us
2017-03-14T03:56:48.920Z,42.7059,142.701,92.35,4.7,mwr,,96.0,0.768,0.74,us,us100088sq,2017-03-14T12:46:31.163Z,"47km WSW of Obihiro, Japan",earthquake,5.5,5.8,0.08,15.0,reviewed,us,us
2017-03-14T02:51:16.850Z,6.1292,92.3167,10.0,6.0,mww,,34.0,4.694,1.25,us,us100088sf,2017-03-15T15:10:42.332Z,"231km SSW of Mohean, India",earthquake,8.2,1.8,,,reviewed,us,us
2017-03-13T21:04:05.710Z,13.8276,-92.2693,37.51,4.7,mb,,183.0,0.889,0.91,us,us100088rh,2017-03-14T16:13:31.484Z,"64km SW of Champerico, Guatemala",earthquake,7.6,9.9,0.045,152.0,reviewed,us,us
2017-03-13T15:05:54.850Z,-30.4146,-71.4753,34.06,5.1,mww,,66.0,0.292,0.93,us,us100088n2,2017-03-14T16:44:50.040Z,"33km NW of Ovalle, Chile",earthquake,5.5,3.3,,,reviewed,us,guc
2017-03-13T14:19:06.700Z,17.415,96.0107,10.0,5.1,mb,,42.0,0.563,0.62,us,us100088mq,2017-03-15T14:53:40.211Z,"34km SE of Tharyarwady, Burma",earthquake,6.9,1.8,0.061,88.0,reviewed,us,us
2017-03-13T12:32:36.070Z,-16.5105,-173.2212,34.25,4.6,mb,,104.0,4.044,0.68,us,us100088mn,2017-03-13T13:21:24.040Z,"83km SE of Hihifo, Tonga",earthquake,14.8,6.5,0.136,16.0,reviewed,us,us
2017-03-13T08:49:05.880Z,14.3219,145.2049,104.46,5.5,mb,,46.0,0.7979999999999999,1.19,us,us100088m4,2017-03-14T17:05:13.040Z,"18km N of Rota, Northern Mariana Islands",earthquake,8.9,5.4,0.045,168.0,reviewed,us,us
2017-03-13T07:15:55.030Z,-2.0192,140.5986,28.68,5.0,mb,,102.0,8.389,0.81,us,us100088ly,2017-03-13T07:31:28.040Z,"57km N of Jayapura, Indonesia",earthquake,10.6,6.4,0.094,36.0,reviewed,us,us
2017-03-13T06:25:37.510Z,40.2498,143.6091,10.0,4.6,mb,,144.0,1.796,1.03,us,us100088ls,2017-03-13T06:43:44.040Z,"157km ENE of Miyako, Japan",earthquake,6.8,1.9,0.087,40.0,reviewed,us,us
2017-03-13T02:48:51.110Z,13.9565,120.7489,165.58,4.6,mb,,106.0,8.329,0.91,us,us100088l9,2017-03-13T09:58:12.580Z,"2km NE of Balayan, Philippines",earthquake,10.9,7.3,0.052000000000000005,108.0,reviewed,us,us
2017-03-13T02:07:19.620Z,36.2105,70.6783,114.94,4.5,mb,,80.0,0.917,0.97,us,us100088kv,2017-03-13T02:43:09.040Z,"21km NNW of `Alaqahdari-ye Kiran wa Munjan, Afghanistan",earthquake,5.6,6.1,0.07,60.0,reviewed,us,us
2017-03-12T20:29:57.100Z,-7.192,129.6088,127.42,4.5,mb,,83.0,1.85,0.87,us,us100088k1,2017-03-12T20:46:35.040Z,"206km WNW of Saumlaki, Indonesia",earthquake,7.4,7.4,0.096,32.0,reviewed,us,us
2017-03-12T12:21:23.880Z,27.1914,103.5868,39.59,4.8,mb,,75.0,6.028,0.59,us,us100088iq,2017-03-12T12:55:34.040Z,"5km E of Wenping, China",earthquake,8.3,7.6,0.065,72.0,reviewed,us,us
2017-03-12T10:09:37.380Z,-21.6748,-179.2312,597.5,5.1,mb,,52.0,4.672,1.0,us,us100088hw,2017-03-12T10:27:54.040Z,"126km SSW of Ndoi Island, Fiji",earthquake,10.9,7.7,0.038,232.0,reviewed,us,us
2017-03-12T09:12:40.400Z,13.3443,-90.8109,56.45,4.8,mb,,145.0,1.5730000000000002,1.33,us,us100088hp,2017-03-12T09:27:11.040Z,"64km S of Puerto San Jose, Guatemala",earthquake,8.8,9.4,0.035,245.0,reviewed,us,us
2017-03-12T05:48:51.660Z,1.9669999999999999,98.9783,139.85,4.5,mb,,97.0,0.7240000000000001,0.71,us,us100088gy,2017-03-12T06:09:18.040Z,"33km NE of Sibolga, Indonesia",earthquake,7.2,2.9,0.1,29.0,reviewed,us,us
2017-03-12T04:03:22.100Z,16.4088,-98.3496,12.35,4.5,mb,,182.0,1.166,0.67,us,us100088gn,2017-03-12T23:05:55.040Z,"9km SE of Cuajinicuilapa, Mexico",earthquake,8.6,6.3,0.031,313.0,reviewed,us,us
2017-03-12T02:14:18.580Z,-2.9445,138.9062,35.0,4.5,mb,,98.0,6.648,0.81,us,us100088gg,2017-03-12T23:24:43.040Z,"189km W of Abepura, Indonesia",earthquake,10.8,2.0,0.107,26.0,reviewed,us,us
2017-03-12T01:26:28.100Z,-4.6816,102.56,51.82,4.7,mb,,96.0,0.507,0.59,us,us100088gf,2017-03-12T23:35:31.040Z,"102km SSE of Bengkulu, Indonesia",earthquake,6.9,6.2,0.073,56.0,reviewed,us,us
2017-03-11T21:39:47.670Z,-12.3393,165.6852,10.0,4.5,mb,,94.0,6.329,0.68,us,us100088ft,2017-03-11T22:27:54.040Z,"180km S of Lata, Solomon Islands",earthquake,11.1,1.9,0.131,17.0,reviewed,us,us
2017-03-11T19:57:46.650Z,37.5229,141.6361,40.32,5.4,mb,,135.0,0.755,1.02,us,us100088fi,2017-03-12T04:33:44.918Z,"56km E of Namie, Japan",earthquake,3.4,8.1,0.095,38.0,reviewed,us,us
2017-03-11T18:48:41.090Z,30.994,130.3956,139.21,5.3,mww,,28.0,0.516,0.91,us,us100088fc,2017-03-14T14:52:35.250Z,"31km SSE of Makurazaki, Japan",earthquake,5.8,3.7,0.055,32.0,reviewed,us,us
2017-03-11T17:10:38.680Z,-30.5136,-177.5283,22.0,5.6,mww,,62.0,1.311,0.71,us,us100088f7,2017-03-14T14:10:12.942Z,"142km SSE of Raoul Island, New Zealand",earthquake,7.5,1.8,0.062,25.0,reviewed,us,us
2017-03-11T14:04:50.520Z,-6.7979,130.3182,124.09,5.2,mb,,73.0,1.526,1.36,us,us100088eu,2017-03-11T16:06:40.726Z,"168km NW of Saumlaki, Indonesia",earthquake,6.7,4.6,0.098,34.0,reviewed,us,us
2017-03-11T12:53:41.920Z,23.5082,-44.9967,10.0,4.9,mb,,131.0,20.881,0.61,us,us100088eq,2017-03-11T13:38:27.040Z,Northern Mid-Atlantic Ridge,earthquake,13.6,1.9,0.045,157.0,reviewed,us,us
2017-03-11T07:02:10.680Z,-4.7719,-105.67200000000001,10.0,5.0,mb,,193.0,23.275,0.66,us,us100088dp,2017-03-11T07:23:24.040Z,Central East Pacific Rise,earthquake,12.6,1.8,0.047,144.0,reviewed,us,us
2017-03-11T07:00:31.600Z,-29.2347,-69.28699999999999,91.79,5.2,mb,,43.0,0.95,1.18,us,us100088dn,2017-03-11T17:01:18.040Z,"117km WSW of Vinchina, Argentina",earthquake,5.9,7.3,0.083,48.0,reviewed,us,us
2017-03-11T03:42:16.750Z,-34.7839,-71.833,42.76,4.9,mb,,70.0,0.239,0.73,us,us100088d4,2017-03-12T14:12:14.434Z,"45km WSW of Santa Cruz, Chile",earthquake,5.0,7.3,0.053,116.0,reviewed,us,us
2017-03-10T21:20:54.040Z,-1.8709,133.4668,25.36,4.9,mb,,68.0,1.601,0.49,us,us100088bk,2017-03-13T00:29:02.040Z,"130km SSW of Manokwari, Indonesia",earthquake,7.1,5.0,0.05,125.0,reviewed,us,us
2017-03-10T16:41:12.370Z,72.8351,4.7642,10.0,5.0,mb,,88.0,6.09,0.82,us,us1000888q,2017-03-10T16:58:47.040Z,Norwegian Sea,earthquake,6.6,1.4,0.069,67.0,reviewed,us,us
2017-03-10T16:33:15.300Z,-7.2416,105.2858,51.61,4.8,mb,,177.0,3.6830000000000003,0.82,us,us1000888j,2017-03-10T16:48:34.040Z,"61km SW of Tugu Hilir, Indonesia",earthquake,10.7,6.4,0.105,28.0,reviewed,us,us
2017-03-10T16:13:36.900Z,-6.6428,105.0673,70.69,4.7,mb,,90.0,3.091,0.66,us,us1000887k,2017-03-10T16:27:50.040Z,"62km W of Cangkeuteuk Sabrang, Indonesia",earthquake,9.6,8.1,0.08900000000000001,39.0,reviewed,us,us
2017-03-10T15:53:52.240Z,29.6909,141.0343,106.07,5.0,mb,,144.0,2.7769999999999997,0.97,us,us1000887f,2017-03-10T16:12:25.040Z,"Izu Islands, Japan region",earthquake,6.7,7.5,0.095,35.0,reviewed,us,us
2017-03-10T13:46:39.590Z,11.9584,-69.5903,10.0,5.5,mb,,24.0,0.6559999999999999,1.44,us,us1000885n,2017-03-12T20:11:23.808Z,"54km N of La Vela de Coro, Venezuela",earthquake,5.8,1.8,0.023,658.0,reviewed,us,us
2017-03-10T13:13:20.860Z,13.3591,-90.1375,56.56,4.5,mb,,164.0,0.9390000000000001,0.67,us,us1000885d,2017-03-10T15:08:56.603Z,"42km SW of Acajutla, El Salvador",earthquake,8.0,9.3,0.046,141.0,reviewed,us,us
2017-03-10T11:11:09.130Z,51.516999999999996,-177.3535,65.06,4.6,mb,,142.0,0.358,0.91,us,us10008851,2017-03-14T18:19:39.269Z,"62km SW of Adak, Alaska",earthquake,6.9,6.0,0.035,252.0,reviewed,us,us
2017-03-10T06:22:20.380Z,-30.5622,-72.101,14.29,5.1,mwr,,84.0,0.41600000000000004,0.88,us,us1000882x,2017-03-11T04:11:44.415Z,"86km W of Ovalle, Chile",earthquake,5.8,3.4,0.034,84.0,reviewed,us,us
2017-03-10T06:01:17.210Z,17.5044,-62.801,104.75,4.5,mb,,102.0,0.172,0.64,us,us1000882u,2017-03-11T04:13:22.837Z,"10km N of Dieppe Bay Town, Saint Kitts and Nevis",earthquake,6.2,5.4,0.044000000000000004,151.0,reviewed,us,us
2017-03-10T03:41:52.560Z,-2.2941,138.8406,54.21,4.6,mb,,128.0,6.614,0.87,us,us1000882g,2017-03-10T04:01:37.040Z,"197km W of Abepura, Indonesia",earthquake,13.4,9.5,0.105,27.0,reviewed,us,us
2017-03-09T17:20:26.510Z,-10.4482,161.3269,60.15,4.9,mb,,98.0,1.689,0.67,us,us100087y0,2017-03-09T20:29:03.040Z,"64km W of Kirakira, Solomon Islands",earthquake,7.8,6.4,0.051,123.0,reviewed,us,us
2017-03-09T16:38:14.490Z,-4.6332,129.6254,149.84,4.9,mb,,26.0,3.122,0.83,us,us100087xt,2017-03-16T21:20:43.040Z,"159km SE of Saparua, Indonesia",earthquake,5.9,6.4,0.061,83.0,reviewed,us,us
2017-03-09T13:35:16.880Z,-4.9229,155.1309,77.09,4.8,mb,,118.0,3.0460000000000003,1.1,us,us100087xg,2017-03-09T13:52:03.040Z,"149km NNW of Arawa, Papua New Guinea",earthquake,7.0,10.4,0.139,16.0,reviewed,us,us
2017-03-09T13:29:27.180Z,12.0428,-69.6011,16.78,4.8,mb,,25.0,0.609,0.95,us,us100087xb,2017-03-10T14:31:27.650Z,"59km WSW of Dorp Soto, Cura√ßao",earthquake,4.9,3.8,0.057999999999999996,92.0,reviewed,us,us
2017-03-09T13:03:39.140Z,21.753166699999998,-156.8668333,31.965999999999998,4.71,ml,30.0,231.0,0.6314,0.19,hv,hv61636051,2017-03-10T00:13:35.090Z,"58km NNE of Kualapu'u, Hawaii",earthquake,0.48,0.94,0.16399999999999998,52.0,reviewed,hv,hv
2017-03-09T11:14:26.430Z,-60.1464,150.2962,10.0,5.9,mww,,96.0,7.346,0.84,us,us100087wv,2017-03-09T19:41:24.040Z,West of Macquarie Island,earthquake,10.5,1.9,,,reviewed,us,us
2017-03-09T02:26:19.090Z,52.1101,178.3848,121.92,5.3,mb,,35.0,2.694,0.7,us,us100087v3,2017-03-09T18:27:48.040Z,"19km NNW of Little Sitkin Island, Alaska",earthquake,7.9,4.4,0.025,536.0,reviewed,us,us
2017-03-08T20:44:40.390Z,-6.4476,155.4956,137.72,4.6,mb,,71.0,4.003,0.79,us,us100087sf,2017-03-08T21:31:32.040Z,"14km S of Panguna, Papua New Guinea",earthquake,9.3,6.4,0.057999999999999996,87.0,reviewed,us,us
2017-03-08T14:03:30.740Z,-54.0472,-133.8839,10.0,5.1,mb,,59.0,29.079,0.62,us,us100087pr,2017-03-08T14:52:42.040Z,Pacific-Antarctic Ridge,earthquake,12.2,1.8,0.062,84.0,reviewed,us,us
2017-03-08T11:52:00.200Z,31.6863,141.9388,10.0,4.7,mb,,122.0,2.293,0.7,us,us100087p9,2017-03-08T12:22:44.040Z,"253km SE of Hachijo-jima, Japan",earthquake,8.0,1.9,0.075,53.0,reviewed,us,us
2017-03-08T10:06:46.060Z,4.0713,126.2356,57.99,4.5,mb,,112.0,3.049,0.68,us,us100087pj,2017-03-08T14:06:13.040Z,"170km SSE of Sarangani, Philippines",earthquake,6.4,7.9,0.094,33.0,reviewed,us,us
2017-03-08T07:30:43.160Z,-6.2976,147.5833,55.17,4.7,mb,,105.0,3.115,1.26,us,us100087nd,2017-03-08T07:47:29.238Z,"46km NW of Finschhafen, Papua New Guinea",earthquake,9.9,8.0,0.092,36.0,reviewed,us,us
2017-03-08T03:39:45.730Z,15.9509,-93.4277,103.52,4.7,mb,,129.0,1.2830000000000001,0.93,us,us100087m8,2017-03-08T03:54:46.040Z,"14km NE of Tres Picos, Mexico",earthquake,7.6,7.3,0.037000000000000005,226.0,reviewed,us,us
2017-03-08T01:38:45.090Z,2.2976,128.6049,65.72,5.6,mb,,51.0,1.956,0.98,us,us100087lk,2017-03-08T03:41:49.395Z,"91km NE of Tobelo, Indonesia",earthquake,7.4,6.6,0.044000000000000004,178.0,reviewed,us,us
2017-03-07T23:38:23.890Z,-15.038,168.0581,12.51,5.6,mww,,102.0,5.76,1.02,us,us100087kn,2017-03-08T16:26:34.040Z,"108km E of Port-Olry, Vanuatu",earthquake,8.8,4.2,,,reviewed,us,us
2017-03-07T22:10:51.930Z,24.2928,122.1634,54.59,4.9,mb,,72.0,0.532,0.89,us,us100087k6,2017-03-12T10:56:18.598Z,"46km SE of Su'ao, Taiwan",earthquake,3.2,5.4,0.053,112.0,reviewed,us,us
2017-03-07T19:51:54.500Z,39.8478,143.07299999999998,26.53,4.7,mb,,136.0,1.8,0.68,us,us100087jh,2017-03-16T19:16:09.040Z,"98km ENE of Miyako, Japan",earthquake,7.0,5.5,0.052000000000000005,111.0,reviewed,us,us
2017-03-07T16:22:25.930Z,36.6582,84.9521,13.87,4.7,mb,,125.0,10.03,0.46,us,us100087hb,2017-03-07T20:16:43.040Z,"171km SSW of Qiemo, China",earthquake,9.5,3.4,0.083,44.0,reviewed,us,us
2017-03-07T16:08:19.020Z,41.5343,141.903,55.19,5.7,mww,,108.0,0.976,0.53,us,us100087h5,2017-03-07T23:43:25.676Z,"63km ENE of Mutsu, Japan",earthquake,6.8,4.7,,,reviewed,us,us
2017-03-07T15:45:39.560Z,-6.2429,102.1762,10.0,5.3,mww,,24.0,2.024,0.71,us,us100087gx,2017-03-07T22:48:52.040Z,"220km SW of Kuripan, Indonesia",earthquake,7.1,1.7,,,reviewed,us,us
2017-03-07T14:23:52.630Z,51.9354,178.4471,102.79,4.9,mb,,113.0,2.727,0.66,us,us100087gj,2017-03-13T18:03:01.236Z,"4km WSW of Little Sitkin Island, Alaska",earthquake,7.9,5.3,0.035,252.0,reviewed,us,us
2017-03-07T12:31:03.270Z,0.7988,123.8316,264.7,4.5,mb,,62.0,2.113,1.12,us,us100087g7,2017-03-07T12:53:39.040Z,"21km WSW of Lolak, Indonesia",earthquake,6.4,7.2,0.07400000000000001,54.0,reviewed,us,us
2017-03-07T11:03:34.220Z,-37.5503,179.3484,10.0,4.9,mwr,,154.0,0.828,0.74,us,us100087fn,2017-03-07T12:33:36.040Z,"169km NE of Gisborne, New Zealand",earthquake,7.7,1.8,0.098,10.0,reviewed,us,us
2017-03-07T10:55:40.630Z,-22.8706,171.2884,35.0,5.4,mb,,33.0,3.555,1.06,us,us100087fm,2017-03-07T11:16:04.040Z,"94km SW of Ile Hunter, New Caledonia",earthquake,7.9,1.9,0.040999999999999995,206.0,reviewed,us,us
2017-03-07T09:46:03.670Z,-5.996,153.7755,10.0,4.8,mb,,50.0,2.406,0.84,us,us100087fg,2017-03-07T13:23:30.040Z,"188km SSE of Taron, Papua New Guinea",earthquake,8.3,1.9,0.07,62.0,reviewed,us,us
2017-03-06T23:45:19.420Z,-5.7548,151.7173,10.0,4.6,mb,,68.0,1.615,1.2,us,us100087d9,2017-03-11T23:56:23.040Z,"166km SSW of Kokopo, Papua New Guinea",earthquake,5.5,1.9,0.065,71.0,reviewed,us,us
2017-03-06T19:25:59.300Z,-31.19,-179.87900000000002,384.38,4.9,mb,,107.0,2.57,0.71,us,us100087cq,2017-03-06T19:58:52.040Z,"97km WNW of L'Esperance Rock, New Zealand",earthquake,8.3,5.7,0.068,68.0,reviewed,us,us
2017-03-06T18:18:02.700Z,-24.0057,179.015,565.23,5.0,mb,,62.0,5.891,1.05,us,us100087c9,2017-03-06T18:55:34.040Z,South of the Fiji Islands,earthquake,10.4,6.1,0.055,105.0,reviewed,us,us
2017-03-06T17:55:07.380Z,-21.021,-178.78900000000002,610.81,4.6,mb,,94.0,4.416,0.71,us,us100087c2,2017-03-06T20:31:10.040Z,"42km SSW of Ndoi Island, Fiji",earthquake,15.3,8.7,0.068,65.0,reviewed,us,us
2017-03-06T17:30:50.090Z,60.8729,167.2543,18.05,5.2,mb,,48.0,7.23,1.01,us,us100087br,2017-03-06T19:02:29.040Z,"77km NE of Tilichiki, Russia",earthquake,7.5,3.7,0.027000000000000003,454.0,reviewed,us,us
2017-03-06T16:25:39.840Z,1.2018,126.5381,39.93,4.6,mb,,88.0,0.932,0.89,us,us100087aq,2017-03-06T17:57:57.040Z,"103km WNW of Kota Ternate, Indonesia",earthquake,7.0,7.7,0.081,45.0,reviewed,us,us
2017-03-06T16:17:25.960Z,39.8766,143.1645,31.98,4.6,mb,,147.0,1.8459999999999999,0.5,us,us100087ap,2017-03-06T17:37:27.040Z,"107km ENE of Miyako, Japan",earthquake,5.8,3.9,0.09,37.0,reviewed,us,us
2017-03-06T08:32:15.350Z,-18.1346,-178.1833,546.85,4.6,mb,,70.0,3.6039999999999996,0.9,us,us1000878y,2017-03-06T08:52:13.040Z,"283km N of Ndoi Island, Fiji",earthquake,5.5,8.0,0.044000000000000004,159.0,reviewed,us,us
2017-03-06T03:06:21.490Z,-19.5991,178.3764,35.73,5.3,mb,,44.0,1.869,0.77,us,us1000877f,2017-03-07T00:58:11.861Z,"161km S of Suva, Fiji",earthquake,7.9,0.6,0.04,213.0,reviewed,us,us
2017-03-06T02:56:22.810Z,-40.4352,-71.9032,141.93,4.6,mb,,65.0,0.61,1.4,us,us1000877d,2017-03-07T13:10:05.165Z,"42km NNW of Villa La Angostura, Argentina",earthquake,5.5,5.9,0.11,25.0,reviewed,us,us
2017-03-06T01:39:03.210Z,5.6689,124.0092,529.44,4.6,mb,,75.0,2.09,0.82,us,us10008774,2017-03-06T23:16:56.040Z,"62km SW of Malisbeng, Philippines",earthquake,11.1,8.5,0.052000000000000005,109.0,reviewed,us,us
2017-03-06T01:26:22.010Z,43.4018,45.792,10.0,4.5,mb,,43.0,1.8980000000000001,0.84,us,us10008771,2017-03-16T21:35:38.707Z,"3km NW of Petropavlovskaya, Russia",earthquake,5.6,1.9,0.073,55.0,reviewed,us,us
2017-03-05T23:31:52.210Z,-18.2715,-174.6358,70.98,4.5,mb,,191.0,4.534,0.95,us,us100088pc,2017-03-13T21:53:15.040Z,"80km WNW of Neiafu, Tonga",earthquake,15.3,14.3,0.11,24.0,reviewed,us,us
2017-03-05T22:47:53.310Z,-5.999,149.35299999999998,31.07,6.3,mww,,17.0,3.326,0.99,us,us1000876f,2017-03-10T18:37:18.734Z,"32km NW of Kandrian, Papua New Guinea",earthquake,6.6,3.2,,,reviewed,us,us
2017-03-05T22:28:11.240Z,-58.3599,-139.6975,10.0,5.1,mb,,35.0,27.199,0.69,us,us1000876d,2017-03-05T22:53:55.040Z,Pacific-Antarctic Ridge,earthquake,5.6,1.7,0.084,46.0,reviewed,us,us
2017-03-05T15:48:33.030Z,-6.1617,148.9734,53.75,4.6,mb,,76.0,3.6889999999999996,0.6,us,us1000874r,2017-03-05T16:46:12.040Z,"64km W of Kandrian, Papua New Guinea",earthquake,10.6,9.2,0.114,23.0,reviewed,us,us
2017-03-05T13:42:18.380Z,-21.87,-68.3141,111.13,4.7,mb,,31.0,0.865,0.94,us,us1000874i,2017-03-05T14:40:05.040Z,"91km NE of Calama, Chile",earthquake,6.8,7.4,0.061,80.0,reviewed,us,us
2017-03-05T12:22:15.370Z,-55.0791,-129.3625,10.0,5.3,mb,,93.0,29.98,0.64,us,us1000874a,2017-03-06T18:44:18.040Z,Pacific-Antarctic Ridge,earthquake,13.9,1.9,0.09,42.0,reviewed,us,us
2017-03-05T10:04:44.420Z,37.2909,141.3529,24.05,4.6,mb,,126.0,0.73,0.83,us,us1000873g,2017-03-07T02:00:48.263Z,"37km SE of Namie, Japan",earthquake,6.8,5.7,0.083,43.0,reviewed,us,us
2017-03-05T01:46:56.670Z,36.5353,6.7413,13.01,4.7,mb,,82.0,2.255,1.07,us,us10008715,2017-03-05T19:50:42.898Z,"13km NE of Didouche Mourad, Algeria",earthquake,7.9,4.6,0.068,66.0,reviewed,us,us
2017-03-05T01:18:54.330Z,35.646,140.8909,39.58,4.9,mb,,127.0,2.22,0.91,us,us1000870y,2017-03-06T01:48:18.367Z,"11km SSE of Hasaki, Japan",earthquake,4.3,6.6,0.064,78.0,reviewed,us,us
2017-03-05T00:08:20.090Z,9.8207,125.54799999999999,19.59,5.7,mb,,77.0,2.733,0.93,us,us1000870s,2017-03-15T10:50:45.430Z,"7km ENE of Surigao, Philippines",earthquake,4.0,4.1,0.048,155.0,reviewed,us,us
2017-03-04T20:11:49.650Z,-59.1424,-17.6654,10.0,5.0,mb,,107.0,11.414000000000001,0.81,us,us1000871g,2017-03-05T03:19:27.040Z,East of the South Sandwich Islands,earthquake,13.7,1.9,0.096,35.0,reviewed,us,us
2017-03-04T20:03:46.050Z,-20.5164,-178.3557,615.86,4.9,mb,,89.0,4.373,0.88,us,us10008704,2017-03-04T20:19:15.040Z,"38km ENE of Ndoi Island, Fiji",earthquake,13.9,11.0,0.091,38.0,reviewed,us,us
2017-03-04T17:36:38.730Z,-24.9693,179.6757,490.14,4.7,mb,,75.0,7.346,0.91,us,us100086zt,2017-03-16T14:08:18.040Z,South of the Fiji Islands,earthquake,11.3,7.3,0.07,62.0,reviewed,us,us
2017-03-04T17:22:16.550Z,-64.9293,177.9816,10.0,4.8,mb,,125.0,13.422,1.27,us,us1000889q,2017-03-16T14:02:53.040Z,"288km NNW of Scott Island Bank, Antarctica",earthquake,9.4,1.9,0.161,14.0,reviewed,us,us
2017-03-04T10:05:26.080Z,-7.2852,155.7187,50.72,4.9,mb,,95.0,4.686,0.64,us,us100086yg,2017-03-04T10:47:59.040Z,"110km SSE of Panguna, Papua New Guinea",earthquake,8.2,5.2,0.077,55.0,reviewed,us,us
2017-03-04T03:50:01.060Z,-7.191,155.8292,51.08,4.8,mb,,102.0,4.647,0.83,us,us100086xf,2017-03-04T04:09:10.040Z,"101km SW of Chirovanga, Solomon Islands",earthquake,8.5,9.2,0.135,19.0,reviewed,us,us
2017-03-04T03:18:41.280Z,-7.2921,155.7504,35.07,5.0,mb,,88.0,15.703,0.88,us,us100086xu,2017-03-04T06:15:14.040Z,"111km SSE of Panguna, Papua New Guinea",earthquake,10.8,4.7,0.105,33.0,reviewed,us,us
2017-03-04T03:16:35.070Z,-7.3524,155.6747,50.81,5.1,mb,,30.0,4.697,1.02,us,us100086x8,2017-03-04T03:34:34.040Z,"116km S of Panguna, Papua New Guinea",earthquake,6.5,6.2,0.07400000000000001,61.0,reviewed,us,us
2017-03-04T02:58:24.950Z,-7.3527,155.7048,53.72,5.9,mww,,17.0,4.681,1.11,us,us100086x7,2017-03-06T18:48:17.040Z,"117km SSE of Panguna, Papua New Guinea",earthquake,7.5,5.9,,,reviewed,us,us
2017-03-04T02:11:53.910Z,25.1802,94.6957,75.66,5.1,mb,,62.0,1.012,0.86,us,us100086x4,2017-03-05T09:45:17.902Z,"57km SSE of Phek, India",earthquake,3.8,6.9,0.046,153.0,reviewed,us,us
2017-03-04T00:14:54.150Z,-55.0061,-129.1062,10.0,5.0,mb,,87.0,33.126,0.98,us,us1000888z,2017-03-11T05:07:07.040Z,Pacific-Antarctic Ridge,earthquake,14.1,1.9,0.115,24.0,reviewed,us,us
2017-03-03T23:53:36.200Z,-54.8941,-129.5809,10.0,5.1,mb,,67.0,29.791999999999998,0.45,us,us1000888a,2017-03-11T04:14:42.040Z,Pacific-Antarctic Ridge,earthquake,12.1,1.8,0.069,69.0,reviewed,us,us
2017-03-03T23:31:07.440Z,54.7575,168.0199,34.39,4.9,mb,,84.0,4.1419999999999995,0.5,us,us100086vq,2017-03-07T01:23:44.040Z,"138km ESE of Nikol'skoye, Russia",earthquake,8.4,4.6,0.031,338.0,reviewed,us,us
2017-03-03T21:06:53.210Z,28.3008,139.6502,409.53,4.5,mb,,78.0,2.5469999999999997,1.44,us,us1000888b,2017-03-11T04:47:39.040Z,"286km WNW of Chichi-shima, Japan",earthquake,12.7,8.9,0.157,12.0,reviewed,us,us
2017-03-03T17:46:58.260Z,30.779,141.8316,28.31,4.5,mb,,132.0,2.892,0.68,us,us100086ub,2017-03-14T21:04:41.040Z,"Izu Islands, Japan region",earthquake,7.5,5.8,0.079,47.0,reviewed,us,us
2017-03-03T10:46:56.120Z,-5.5998,147.2633,137.38,4.7,mb,,37.0,5.079,0.66,us,us100086pz,2017-03-03T11:03:58.040Z,"127km NNE of Lae, Papua New Guinea",earthquake,8.6,7.3,0.076,53.0,reviewed,us,us
2017-03-03T08:27:35.740Z,43.1235,145.5694,82.22,5.3,mb,,121.0,2.0980000000000003,0.86,us,us100086pe,2017-03-05T15:26:59.605Z,"22km S of Nemuro, Japan",earthquake,8.4,6.2,0.053,119.0,reviewed,us,us
2017-03-03T04:01:43.810Z,5.5189,127.0097,110.98,4.7,mb,,139.0,2.096,0.58,us,us100086nd,2017-03-11T00:05:12.040Z,"130km SE of Pondaguitan, Philippines",earthquake,6.1,8.0,0.09300000000000001,35.0,reviewed,us,us
2017-03-03T02:14:33.510Z,-5.728,149.3567,99.93,4.7,mb,,52.0,3.01,0.64,us,us100086n0,2017-03-11T00:14:11.040Z,"58km NNW of Kandrian, Papua New Guinea",earthquake,8.9,6.1,0.08800000000000001,39.0,reviewed,us,us
2017-03-02T21:11:22.640Z,-55.6033,-121.8079,10.0,4.8,mb,,98.0,29.112,0.83,us,us10008871,2017-03-11T01:06:40.040Z,Southern East Pacific Rise,earthquake,10.3,1.9,0.131,18.0,reviewed,us,us
2017-03-02T20:14:27.700Z,-6.0919,154.97,161.18,4.8,mb,,56.0,3.373,0.96,us,us100086ku,2017-03-13T18:47:24.040Z,"62km WNW of Panguna, Papua New Guinea",earthquake,8.8,8.2,0.06,87.0,reviewed,us,us
2017-03-02T19:13:15.670Z,61.3504,-27.4296,10.0,5.0,mb,,57.0,4.396,0.82,us,us100086kc,2017-03-13T18:46:28.040Z,Iceland region,earthquake,7.9,1.8,0.027000000000000003,431.0,reviewed,us,us
2017-03-02T19:11:06.490Z,-43.2275,-74.0636,27.61,4.5,mwr,,188.0,0.313,1.02,us,us100086k8,2017-03-16T13:55:56.040Z,"38km WSW of Puerto Quellon, Chile",earthquake,5.4,8.1,,,reviewed,us,guc
2017-03-02T16:53:47.800Z,-39.4816,177.4404,18.24,4.5,mwr,,160.0,0.8,0.8,us,us100086id,2017-03-14T19:09:00.841Z,"45km E of Napier, New Zealand",earthquake,5.3,4.8,0.065,23.0,reviewed,us,us
2017-03-02T15:13:35.280Z,-18.5462,-177.6394,610.53,4.5,mb,,195.0,4.172,0.78,us,us1000886t,2017-03-14T16:45:12.040Z,"258km NNE of Ndoi Island, Fiji",earthquake,19.4,13.0,0.106,26.0,reviewed,us,us
2017-03-02T14:53:42.900Z,32.6365,132.0995,48.15,5.3,mww,,61.0,1.138,1.26,us,us100086hr,2017-03-03T14:20:07.543Z,"39km SSE of Saiki, Japan",earthquake,5.9,5.4,0.066,22.0,reviewed,us,us
2017-03-02T12:44:20.030Z,-5.0292,151.1703,146.05,4.7,mb,,64.0,1.2930000000000001,0.56,us,us100086h7,2017-03-02T13:04:46.040Z,"127km ENE of Kimbe, Papua New Guinea",earthquake,9.7,7.4,0.069,64.0,reviewed,us,us
2017-03-02T11:07:27.000Z,37.5798,38.4402,10.0,5.6,mww,,37.0,1.061,0.98,us,us100086gw,2017-03-03T01:58:57.866Z,"3km W of Samsat, Turkey",earthquake,3.2,1.9,,,reviewed,us,us
2017-03-02T10:09:44.460Z,-6.3973,155.1973,47.87,4.8,mb,,110.0,3.7319999999999998,0.77,us,us100086gr,2017-03-02T10:30:18.040Z,"33km WSW of Panguna, Papua New Guinea",earthquake,8.2,7.9,0.109,26.0,reviewed,us,us
2017-03-02T08:37:08.840Z,-16.5828,-174.3531,61.34,4.5,mb,,73.0,4.89,0.73,us,us1000886h,2017-03-15T13:09:06.040Z,"95km SW of Hihifo, Tonga",earthquake,10.5,7.2,0.139,15.0,reviewed,us,us
2017-03-02T04:50:52.860Z,-5.8136,147.1366,68.14,4.6,mb,,60.0,3.5669999999999997,0.95,us,us100086fu,2017-03-02T05:08:24.040Z,"101km N of Lae, Papua New Guinea",earthquake,6.0,7.8,0.073,56.0,reviewed,us,us
2017-03-02T02:11:30.682Z,59.5785,-152.6546,78.0,5.5,ml,,,,0.92,ak,ak15426300,2017-03-13T23:55:23.379Z,"42km WSW of Anchor Point, Alaska",earthquake,,0.2,,,reviewed,ak,ak
2017-03-02T01:27:35.810Z,20.4074,120.2697,10.0,4.7,mb,,104.0,2.898,0.69,us,us100086et,2017-03-02T02:53:58.040Z,"167km W of Sabtang, Philippines",earthquake,9.8,1.2,0.079,49.0,reviewed,us,us
2017-03-01T22:28:59.110Z,-56.0048,-25.4965,10.0,4.5,mb,,203.0,6.5329999999999995,0.8,us,us1000884l,2017-03-15T05:16:18.040Z,"130km NE of Visokoi Island, South Georgia and the South Sandwich Islands",earthquake,8.6,2.0,0.15,13.0,reviewed,us,us
2017-03-01T22:04:31.090Z,-6.1179,113.0763,584.16,4.6,mb,,18.0,2.569,1.12,us,us100086dr,2017-03-15T05:09:07.040Z,"105km NNE of Ujungpangkah, Indonesia",earthquake,9.8,6.1,0.055,98.0,reviewed,us,us
2017-03-01T20:33:16.800Z,-8.3052,156.2654,17.5,4.9,mb,,52.0,3.8080000000000003,0.94,us,us1000863c,2017-03-13T18:45:25.040Z,"67km WSW of Gizo, Solomon Islands",earthquake,7.5,5.6,0.084,45.0,reviewed,us,us
2017-03-01T19:01:01.970Z,-43.0132,173.1781,9.53,4.8,mww,,126.0,0.114,0.72,us,us10008621,2017-03-14T22:50:30.552Z,"40km ENE of Amberley, New Zealand",earthquake,4.6,3.7,0.08900000000000001,12.0,reviewed,us,us
2017-03-01T17:10:51.100Z,38.91,-29.8083,12.98,4.5,mb,,132.0,1.234,0.66,us,us1000884g,2017-03-14T14:37:17.040Z,"105km WNW of Ribeira Grande, Portugal",earthquake,9.8,4.8,0.102,28.0,reviewed,us,us
2017-03-01T16:51:52.140Z,-6.265,148.7759,61.25,4.9,mb,,115.0,3.5060000000000002,0.82,us,us10008609,2017-03-14T22:20:41.040Z,"85km W of Kandrian, Papua New Guinea",earthquake,10.2,7.2,0.087,42.0,reviewed,us,us
2017-03-01T16:47:48.750Z,-10.8005,161.9507,39.97,4.9,mb,,109.0,2.391,0.7,us,us10008604,2017-03-14T21:56:25.040Z,"38km S of Kirakira, Solomon Islands",earthquake,9.6,7.5,0.073,59.0,reviewed,us,us
2017-03-01T16:17:41.910Z,-43.0363,173.2632,7.17,4.5,mwr,,134.0,0.18100000000000002,0.78,us,us100085zw,2017-03-14T21:36:17.040Z,"45km ENE of Amberley, New Zealand",earthquake,3.1,4.3,0.046,46.0,reviewed,us,us
2017-03-01T15:08:02.560Z,51.7616,-175.3531,53.3,4.9,mb,,137.0,0.835,0.72,us,us100085yt,2017-03-14T04:23:32.040Z,"90km E of Adak, Alaska",earthquake,7.0,6.6,0.033,284.0,reviewed,us,us
2017-03-01T14:26:00.230Z,22.1071,143.0898,113.46,4.6,mb,,103.0,5.034,0.76,us,us100085ys,2017-03-15T12:37:41.040Z,"255km NW of Farallon de Pajaros, Northern Mariana Islands",earthquake,9.8,7.8,0.085,41.0,reviewed,us,us
2017-03-01T10:39:49.370Z,52.1729,-173.3643,58.17,5.5,mb,,93.0,2.0709999999999997,1.21,us,us100085xq,2017-03-07T22:45:49.536Z,"57km E of Atka, Alaska",earthquake,6.0,4.8,0.023,667.0,reviewed,us,us
2017-03-01T09:08:15.730Z,49.6085,-28.4637,10.0,4.9,mb,,89.0,14.237,0.55,us,us100085xd,2017-03-01T09:37:35.040Z,Northern Mid-Atlantic Ridge,earthquake,10.3,1.9,0.033,280.0,reviewed,us,us
2017-03-01T06:59:40.570Z,-6.325,130.0288,130.99,5.5,mb,,32.0,2.073,1.11,us,us100085ws,2017-03-01T16:51:08.040Z,"229km NW of Saumlaki, Indonesia",earthquake,7.3,6.0,0.06,95.0,reviewed,us,us
2017-03-01T06:43:05.720Z,37.576,141.3978,51.15,5.0,mb,,123.0,0.564,1.08,us,us100085wr,2017-03-01T14:05:53.228Z,"36km ENE of Namie, Japan",earthquake,7.3,3.1,0.048,136.0,reviewed,us,us
2017-03-01T06:08:53.410Z,21.6405,143.1896,290.36,5.1,mb,,97.0,5.507000000000001,0.95,us,us100085wp,2017-03-01T06:27:24.040Z,"215km NW of Farallon de Pajaros, Northern Mariana Islands",earthquake,8.8,6.7,0.031,346.0,reviewed,us,us
2017-03-01T05:00:36.660Z,-7.65,127.6041,161.86,4.5,mb,,61.0,3.675,0.87,us,us100085wc,2017-03-01T05:50:43.040Z,"245km ENE of Dili, East Timor",earthquake,6.1,8.5,0.11599999999999999,22.0,reviewed,us,us
2017-03-01T04:35:11.380Z,2.0844,121.6181,10.0,4.9,mb,,72.0,1.278,0.98,us,us100085w8,2017-03-01T04:54:24.040Z,"104km NNE of Kali, Indonesia",earthquake,4.8,1.8,0.096,34.0,reviewed,us,us
2017-03-01T02:48:33.930Z,-57.2891,-142.6257,10.0,5.4,mwc,,69.0,32.076,1.06,us,us100086wu,2017-03-14T04:14:16.040Z,Pacific-Antarctic Ridge,earthquake,9.8,1.8,,,reviewed,us,gcmt
2017-03-01T02:32:13.980Z,-5.4923,153.8008,34.21,4.5,mb,,101.0,2.081,0.72,us,us100085vm,2017-03-14T03:55:43.040Z,"141km SE of Taron, Papua New Guinea",earthquake,5.6,5.6,0.10300000000000001,28.0,reviewed,us,us
2017-03-01T00:42:47.670Z,44.2367,148.47,36.5,4.9,mb,,151.0,4.229,0.85,us,us100085v5,2017-03-14T02:45:50.040Z,"120km SSE of Kuril'sk, Russia",earthquake,9.3,4.3,0.042,181.0,reviewed,us,us
2017-02-28T23:44:39.540Z,-2.7531,129.2462,37.02,4.5,mb,,78.0,3.003,0.84,us,us100085uh,2017-03-14T00:20:56.040Z,"73km NNE of Amahai, Indonesia",earthquake,7.6,6.7,0.094,33.0,reviewed,us,us
2017-02-28T23:27:33.770Z,39.521,26.1249,8.66,4.6,mwr,,35.0,1.361,0.77,us,us100085uc,2017-03-13T05:09:26.079Z,"17km NNW of Mithymna, Greece",earthquake,4.5,3.7,0.052000000000000005,36.0,reviewed,us,us
2017-02-28T21:19:42.090Z,-43.0259,173.2034,9.38,4.5,mwr,,133.0,0.136,0.87,us,us100085tp,2017-03-15T02:49:51.039Z,"41km ENE of Amberley, New Zealand",earthquake,4.3,2.3,0.053,34.0,reviewed,us,us
2017-02-28T21:07:56.060Z,-17.7491,-174.7576,195.55,4.5,mb,,92.0,4.772,0.76,us,us100087qx,2017-03-15T03:04:35.040Z,"129km NW of Neiafu, Tonga",earthquake,4.9,7.1,0.09699999999999999,31.0,reviewed,us,us
2017-02-28T20:12:41.270Z,-18.9711,169.2892,144.15,4.5,mb,,144.0,2.762,1.07,us,us100085t7,2017-03-11T23:09:20.040Z,"64km N of Isangel, Vanuatu",earthquake,10.3,9.2,0.115,23.0,reviewed,us,us
2017-02-28T19:16:45.930Z,1.7974,126.573,37.43,4.9,mb,,102.0,1.291,0.87,us,us100085sq,2017-03-11T23:06:01.040Z,"142km NW of Kota Ternate, Indonesia",earthquake,6.3,7.0,0.06,87.0,reviewed,us,us
2017-02-28T19:08:34.160Z,-1.3196,127.5752,32.33,5.0,mb,,45.0,2.0869999999999997,1.0,us,us100085si,2017-03-11T23:04:45.040Z,"11km WNW of Laiwui, Indonesia",earthquake,6.0,4.8,0.055999999999999994,103.0,reviewed,us,us
2017-02-28T18:36:00.740Z,-14.0517,167.2632,175.93,4.5,mb,,150.0,7.06,1.15,us,us100087qt,2017-03-11T23:02:51.040Z,"36km WSW of Sola, Vanuatu",earthquake,10.4,6.0,0.095,32.0,reviewed,us,us
2017-02-28T17:41:22.570Z,28.7168,143.1648,31.49,4.9,mb,,95.0,1.8330000000000002,0.77,us,us100085s6,2017-03-10T22:54:24.040Z,"203km NNE of Chichi-shima, Japan",earthquake,7.7,4.9,0.061,85.0,reviewed,us,us
2017-02-28T17:35:40.370Z,-44.793,-80.8972,10.0,5.6,mww,,150.0,5.484,0.8,us,us100085qu,2017-03-10T22:54:50.502Z,"Off the coast of Aisen, Chile",earthquake,8.8,1.9,0.061,26.0,reviewed,us,us
2017-02-28T17:03:13.930Z,39.9151,81.3133,15.87,4.6,mb,,83.0,3.22,0.81,us,us20008mz2,2017-03-10T22:34:00.040Z,"66km S of Aral, China",earthquake,7.1,4.6,0.077,50.0,reviewed,us,us
2017-02-28T15:52:16.010Z,-8.0208,147.879,63.09,4.7,mb,,100.0,1.548,0.71,us,us20008myg,2017-02-28T16:38:20.040Z,"90km NNW of Popondetta, Papua New Guinea",earthquake,9.6,7.6,0.08,47.0,reviewed,us,us
2017-02-28T13:42:18.870Z,37.7028,72.1044,128.04,5.2,mwb,,28.0,0.392,0.75,us,us20008mxr,2017-03-01T05:38:26.821Z,"51km ENE of Shughnon, Tajikistan",earthquake,5.6,4.1,0.09300000000000001,11.0,reviewed,us,us
2017-02-28T13:10:41.350Z,-29.2308,-176.5761,14.45,4.6,mb,,154.0,1.182,0.53,us,us100087qm,2017-03-15T19:59:46.040Z,"128km E of Raoul Island, New Zealand",earthquake,14.1,8.9,0.133,17.0,reviewed,us,us
2017-02-28T08:09:31.100Z,-14.1184,-74.9925,83.11,4.7,mb,,130.0,2.781,0.92,us,us20008mw8,2017-03-13T08:08:56.130Z,"49km NNE of Rio Grande, Peru",earthquake,9.6,8.3,0.077,51.0,reviewed,us,us
2017-02-28T08:08:27.710Z,36.9365,142.1298,24.04,4.8,mb,,143.0,1.416,0.95,us,us20008mw7,2017-03-13T08:06:48.040Z,"111km E of Iwaki, Japan",earthquake,8.3,6.2,0.115,23.0,reviewed,us,us
2017-02-28T07:49:02.860Z,37.5573,141.3377,47.36,5.7,mww,,52.0,0.534,1.04,us,us20008mw4,2017-03-13T08:08:08.179Z,"30km ENE of Namie, Japan",earthquake,6.8,3.1,0.049,40.0,reviewed,us,us
2017-02-28T03:50:21.410Z,-48.0411,-9.8333,10.0,5.1,mb,,82.0,23.930999999999997,0.82,us,us20008mv5,2017-02-28T04:08:12.040Z,Southern Mid-Atlantic Ridge,earthquake,13.1,1.9,0.081,49.0,reviewed,us,us
2017-02-27T17:52:16.180Z,39.4231,143.4734,18.5,4.5,mb,,135.0,2.296,0.69,us,us20008mqu,2017-03-13T18:51:29.040Z,"131km E of Yamada, Japan",earthquake,7.7,4.2,0.081,44.0,reviewed,us,us
2017-02-27T16:18:30.880Z,24.248,122.8754,43.92,4.9,mb,,73.0,0.251,0.6,us,us20008mpq,2017-03-15T16:54:25.203Z,"27km SSW of Yonakuni, Japan",earthquake,3.4,5.0,0.046,150.0,reviewed,us,us
2017-02-27T16:07:26.310Z,55.3296,-157.7955,25.35,4.9,mb,,145.0,1.034,0.77,us,us20008mpl,2017-03-15T16:49:14.040Z,"119km SSE of Chignik Lake, Alaska",earthquake,5.7,3.3,0.063,78.0,reviewed,us,us
2017-02-27T14:51:55.860Z,-17.1519,-171.9741,22.84,4.6,mb,,110.0,2.7289999999999996,0.88,us,us100087i2,2017-03-15T14:05:00.040Z,"231km SE of Hihifo, Tonga",earthquake,10.0,5.9,0.158,12.0,reviewed,us,us
2017-02-27T13:24:26.550Z,-29.2275,-177.6263,70.82,4.5,mb,,263.0,0.265,0.28,us,us100087i1,2017-03-15T13:33:04.040Z,"26km E of Raoul Island, New Zealand",earthquake,22.6,10.0,0.157,12.0,reviewed,us,us
2017-02-27T12:02:21.580Z,-8.4814,29.8825,37.7,4.5,mb,,78.0,7.872999999999999,0.77,us,us100087i7,2017-03-13T06:13:15.040Z,"24km E of Kaputa, Zambia",earthquake,9.8,5.4,0.163,11.0,reviewed,us,us
2017-02-27T11:47:25.970Z,1.7651,99.4345,164.73,4.5,mb,,76.0,1.054,0.87,us,us20008mny,2017-03-13T06:09:10.040Z,"47km NNE of Padangsidempuan, Indonesia",earthquake,7.6,7.3,0.113,23.0,reviewed,us,us
2017-02-27T11:39:21.190Z,-37.0568,-74.1727,10.0,4.6,mb,,153.0,0.845,1.25,us,us20008mnq,2017-03-13T06:06:26.040Z,"77km NW of Lebu, Chile",earthquake,5.7,1.8,0.146,14.0,reviewed,us,us
2017-02-27T11:26:30.860Z,-5.9903,154.9477,176.27,4.6,mb,,142.0,3.299,0.48,us,us20008mnp,2017-03-13T06:03:25.040Z,"69km WNW of Arawa, Papua New Guinea",earthquake,11.7,6.4,0.11900000000000001,21.0,reviewed,us,us
2017-02-27T11:26:25.290Z,2.3226,95.32799999999999,28.51,4.8,mb,,175.0,2.463,0.85,us,us20008mnm,2017-03-13T06:02:14.040Z,"118km W of Sinabang, Indonesia",earthquake,8.8,6.5,0.111,25.0,reviewed,us,us
2017-02-27T09:29:12.070Z,12.254000000000001,143.3487,10.0,4.6,mb,,94.0,1.989,0.92,us,us20008mn7,2017-02-27T10:28:13.040Z,"181km SW of Merizo Village, Guam",earthquake,10.6,1.9,0.07200000000000001,58.0,reviewed,us,us
2017-02-27T09:10:38.240Z,42.3131,142.9835,52.39,4.9,mb,,71.0,0.324,0.9,us,us20008mn2,2017-02-27T14:34:20.288Z,"50km E of Shizunai, Japan",earthquake,7.6,5.1,0.038,220.0,reviewed,us,us
2017-02-27T05:19:57.010Z,37.3901,141.3787,35.0,4.6,mb,,125.0,0.6679999999999999,0.77,us,us20008mm2,2017-02-27T10:53:11.040Z,"35km ESE of Namie, Japan",earthquake,5.2,1.9,0.055,100.0,reviewed,us,us
2017-02-27T04:32:42.920Z,31.6104,141.7481,13.31,4.9,mb,,122.0,2.22,0.79,us,us20008mly,2017-03-13T03:20:22.040Z,"245km SE of Hachijo-jima, Japan",earthquake,7.5,4.6,0.043,171.0,reviewed,us,us
2017-02-27T04:21:41.510Z,27.361,85.9644,17.78,4.6,mb,,156.0,0.6559999999999999,0.56,us,us20008mlv,2017-03-13T01:41:55.040Z,"12km WNW of Ramechhap, Nepal",earthquake,8.6,3.1,0.066,69.0,reviewed,us,us
2017-02-27T03:37:45.840Z,27.4339,86.1167,10.0,4.7,mb,,57.0,0.755,0.67,us,us20008mll,2017-03-10T05:29:06.256Z,"12km NNE of Ramechhap, Nepal",earthquake,6.1,0.7,0.059000000000000004,86.0,reviewed,us,us
2017-02-27T02:17:34.420Z,39.3631,143.545,9.64,4.8,mb,,134.0,2.377,0.58,us,us20008mky,2017-03-09T06:13:57.040Z,"137km E of Yamada, Japan",earthquake,8.1,4.8,0.046,149.0,reviewed,us,us
2017-02-27T01:21:22.330Z,52.0984,158.9516,64.21,5.0,mb,,119.0,0.9440000000000001,0.64,us,us20008mks,2017-03-09T03:07:07.329Z,"99km SSE of Vilyuchinsk, Russia",earthquake,9.2,6.5,0.03,357.0,reviewed,us,us
2017-02-27T01:04:51.950Z,18.9963,-70.0378,72.97,4.5,mb,,27.0,0.542,1.13,us,us20008mkq,2017-03-08T05:49:33.640Z,"6km W of Cevicos, Dominican Republic",earthquake,5.4,6.4,0.039,197.0,reviewed,us,us
2017-02-27T00:03:18.790Z,3.2937,126.8642,73.42,4.9,mb,,108.0,2.5540000000000003,0.7,us,us20008mkk,2017-03-07T04:45:03.040Z,"214km NW of Tobelo, Indonesia",earthquake,7.2,7.1,0.066,73.0,reviewed,us,us
2017-02-26T23:17:08.070Z,26.9085,144.0535,14.59,5.2,mb,,23.0,1.6769999999999998,0.72,us,us20008mka,2017-03-07T04:28:02.040Z,"183km E of Chichi-shima, Japan",earthquake,7.0,2.4,0.03,362.0,reviewed,us,us
2017-02-26T18:48:45.790Z,30.2773,83.5638,10.0,4.8,mb,,95.0,8.705,1.3,us,us20008mji,2017-02-26T19:08:33.040Z,"90km NW of Zhadong, China",earthquake,8.1,1.7,0.106,27.0,reviewed,us,us
2017-02-26T15:21:58.830Z,-4.2077,102.012,30.87,5.4,mb,,55.0,0.953,1.3,us,us20008miw,2017-03-14T19:50:44.027Z,"53km SSW of Bengkulu, Indonesia",earthquake,6.8,3.6,0.051,132.0,reviewed,us,us
2017-02-26T15:03:33.910Z,37.1593,141.1658,48.5,4.8,mww,,75.0,0.769,0.65,us,us20008mit,2017-03-14T19:43:52.672Z,"27km ENE of Iwaki, Japan",earthquake,5.1,4.1,0.08900000000000001,12.0,reviewed,us,us
2017-02-26T14:54:46.030Z,37.2233,141.2045,60.48,4.6,mb,,64.0,0.7240000000000001,1.13,us,us20008mip,2017-03-14T19:31:10.544Z,"34km NE of Iwaki, Japan",earthquake,6.3,5.4,0.073,56.0,reviewed,us,us
2017-02-26T12:33:57.390Z,-15.004000000000001,-71.9889,95.64,4.5,mb,,124.0,3.926,1.45,us,us20008mi8,2017-03-12T12:46:30.040Z,"47km NE of Orcopampa, Peru",earthquake,10.2,21.7,0.191,8.0,reviewed,us,us
2017-02-26T09:24:34.440Z,1.2504,122.4328,42.15,4.9,mb,,84.0,1.656,0.94,us,us20008mhv,2017-03-12T12:08:12.040Z,"69km NNW of Sidomulyo, Indonesia",earthquake,7.0,7.1,0.096,34.0,reviewed,us,us
2017-02-26T08:59:16.490Z,-28.9219,-71.4883,31.92,5.0,mwr,,94.0,0.696,0.79,us,us20008mhp,2017-02-28T23:29:39.040Z,"81km WSW of Vallenar, Chile",earthquake,5.3,4.7,0.046,45.0,reviewed,us,us
2017-02-26T06:44:21.790Z,-18.5234,169.3793,243.87,5.5,mb,,49.0,3.015,0.88,us,us20008mhb,2017-02-28T20:47:17.040Z,"114km N of Isangel, Vanuatu",earthquake,7.4,5.3,0.032,338.0,reviewed,us,us
2017-02-26T01:30:04.930Z,-5.8643,153.3486,17.22,4.6,mb,,154.0,2.032,0.62,us,us20008mgp,2017-03-09T01:08:20.040Z,"158km SSE of Taron, Papua New Guinea",earthquake,9.8,5.9,0.094,34.0,reviewed,us,us
2017-02-25T23:08:52.120Z,-14.8157,167.4306,163.91,5.0,mb,,56.0,5.931,0.75,us,us20008mga,2017-03-12T02:39:58.040Z,"48km ENE of Port-Olry, Vanuatu",earthquake,5.5,6.6,0.057999999999999996,95.0,reviewed,us,us
2017-02-25T21:08:49.460Z,-1.1248,126.9045,17.44,4.8,mb,,65.0,8.119,0.74,us,us20008mfy,2017-03-11T23:44:52.040Z,"88km WNW of Laiwui, Indonesia",earthquake,7.8,4.2,0.071,62.0,reviewed,us,us
2017-02-25T21:06:04.610Z,37.059,36.0706,2.31,4.6,mb,,50.0,0.917,0.74,us,us20008mfu,2017-03-11T23:30:09.040Z,"6km W of Toprakkale, Turkey",earthquake,5.0,4.8,0.066,69.0,reviewed,us,us
2017-02-25T20:11:44.050Z,36.1786,139.8249,55.99,4.5,mb,,133.0,1.358,0.86,us,us20008mfp,2017-03-11T23:12:04.351Z,"9km E of Koga, Japan",earthquake,5.5,5.6,0.08900000000000001,37.0,reviewed,us,us
2017-02-25T19:24:52.160Z,31.0068,103.652,10.0,4.5,mb,,43.0,5.087,0.54,us,us20008mfi,2017-03-11T05:16:28.301Z,"2km E of Guankou, China",earthquake,8.5,1.9,0.085,40.0,reviewed,us,us
2017-02-25T19:01:42.940Z,10.3713,126.7978,46.55,4.5,mb,,138.0,16.480999999999998,0.42,us,us100086ty,2017-03-12T04:30:24.040Z,"88km ENE of San Isidro, Philippines",earthquake,12.4,9.2,0.135,16.0,reviewed,us,us
2017-02-25T18:57:30.320Z,10.4992,126.8432,53.17,5.1,mb,,50.0,3.6289999999999996,1.03,us,us20008mfc,2017-03-10T19:32:52.040Z,"99km ENE of San Isidro, Philippines",earthquake,7.5,5.2,0.044000000000000004,167.0,reviewed,us,us
2017-02-25T17:19:35.220Z,1.4127,31.1166,10.0,4.7,mb,,118.0,2.036,0.68,us,us20008mew,2017-03-10T17:55:32.255Z,"25km W of Hoima, Uganda",earthquake,6.1,1.8,0.077,51.0,reviewed,us,us
2017-02-25T16:03:42.570Z,31.1559,140.4044,90.6,4.9,mb,,106.0,2.016,1.32,us,us20008meq,2017-02-25T16:29:27.040Z,"221km SSE of Hachijo-jima, Japan",earthquake,7.5,7.4,0.071,62.0,reviewed,us,us
2017-02-25T15:14:15.970Z,-32.0766,-178.7516,53.05,4.9,mb,,158.0,2.91,0.83,us,us20008mem,2017-02-25T15:31:18.040Z,"72km S of L'Esperance Rock, New Zealand",earthquake,10.1,6.0,0.125,20.0,reviewed,us,us
2017-02-25T14:00:31.810Z,-29.2397,-68.0086,116.62,5.3,mb,,47.0,1.959,1.05,us,us20008meg,2017-02-28T18:59:00.040Z,"50km W of Chilecito, Argentina",earthquake,7.7,7.3,0.114,26.0,reviewed,us,us
2017-02-25T13:24:40.390Z,-5.9676,147.4039,101.35,5.0,mb,,77.0,3.423,0.76,us,us20008meb,2017-02-25T13:41:34.626Z,"86km NW of Finschhafen, Papua New Guinea",earthquake,9.5,10.1,0.163,12.0,reviewed,us,us
2017-02-25T09:21:23.040Z,42.8799,147.398,10.0,4.5,mb,,137.0,3.255,0.64,us,us20008md6,2017-02-25T10:37:14.040Z,"116km SSE of Shikotan, Russia",earthquake,8.4,1.9,0.111,24.0,reviewed,us,us
2017-02-25T09:03:06.700Z,35.1524,-35.3756,10.0,4.7,mb,,141.0,21.511,0.88,us,us20008md7,2017-02-25T10:14:28.040Z,Northern Mid-Atlantic Ridge,earthquake,12.9,1.9,0.06,84.0,reviewed,us,us
2017-02-25T07:30:59.370Z,12.6701,143.2964,73.58,4.5,mb,,109.0,1.7830000000000001,0.66,us,us100086ti,2017-03-12T12:08:02.040Z,"162km WSW of Merizo Village, Guam",earthquake,12.7,9.1,0.099,30.0,reviewed,us,us
2017-02-25T04:52:55.100Z,38.7647,142.2577,38.55,4.6,mb,,125.0,1.46,0.63,us,us20008mcu,2017-03-08T02:57:30.545Z,"57km SE of Ofunato, Japan",earthquake,7.5,6.2,0.071,59.0,reviewed,us,us
2017-02-25T04:39:59.120Z,47.6843,147.0564,402.89,4.6,mb,,108.0,3.011,0.63,us,us20008mcs,2017-03-08T02:59:37.040Z,"193km SW of Vostok, Russia",earthquake,10.3,6.2,0.028999999999999998,342.0,reviewed,us,us
2017-02-25T02:50:06.580Z,29.4685,130.671,27.09,4.8,mb,,125.0,2.042,0.59,us,us20008mcl,2017-03-08T03:15:14.040Z,"143km SSW of Nishinoomote, Japan",earthquake,7.3,5.5,0.062,81.0,reviewed,us,us
2017-02-25T02:31:24.470Z,-19.4782,-69.08800000000001,108.33,5.2,mww,,43.0,0.59,0.88,us,us20008mc5,2017-03-08T04:14:10.385Z,"137km NE of Iquique, Chile",earthquake,6.0,3.8,0.061,26.0,reviewed,us,us
2017-02-25T01:11:37.890Z,-7.26,130.4187,37.28,4.8,mb,,67.0,1.129,0.97,us,us20008mbt,2017-03-08T03:28:24.040Z,"125km NW of Saumlaki, Indonesia",earthquake,7.3,3.3,0.08199999999999999,46.0,reviewed,us,us
2017-02-24T23:46:45.370Z,-17.9678,-178.4533,581.4,5.9,mww,,29.0,3.335,0.75,us,us20008man,2017-02-26T23:56:56.349Z,"287km SE of Lambasa, Fiji",earthquake,9.3,3.5,0.073,18.0,reviewed,us,us
2017-02-24T19:26:49.540Z,52.8334,-174.5239,191.95,4.5,mb,,145.0,1.631,0.77,us,us20008m90,2017-03-09T21:36:15.040Z,"74km NNW of Atka, Alaska",earthquake,11.4,8.6,0.04,180.0,reviewed,us,us
2017-02-24T19:16:53.060Z,18.4384,-25.2443,16.25,4.9,mb,,58.0,3.7880000000000003,0.85,us,us20008m8v,2017-03-09T20:12:17.040Z,"138km N of Ponta do Sol, Cape Verde",earthquake,8.6,4.2,0.054000000000000006,107.0,reviewed,us,us
2017-02-24T17:57:59.740Z,-16.3382,-175.5085,10.0,4.7,mb,,152.0,5.975,0.68,us,us100086sw,2017-03-08T20:50:28.040Z,"192km WSW of Hihifo, Tonga",earthquake,9.4,1.9,0.134,18.0,reviewed,us,us
2017-02-24T17:28:44.870Z,-23.2601,-178.8033,414.89,6.9,mww,,19.0,6.011,0.96,us,us20008m3t,2017-03-08T18:38:16.565Z,"289km S of Ndoi Island, Fiji",earthquake,8.6,3.5,,,reviewed,us,us
2017-02-24T16:39:41.210Z,-29.980999999999998,-177.0076,10.0,5.1,mb,,175.0,1.087,1.4,us,us20008m2u,2017-02-24T16:57:52.040Z,"117km SE of Raoul Island, New Zealand",earthquake,9.4,2.0,0.11800000000000001,23.0,reviewed,us,us
2017-02-24T16:17:20.690Z,-22.5509,173.0529,53.47,4.6,mb,,124.0,4.78,0.75,us,us20008m2p,2017-02-24T17:39:04.040Z,"104km E of Ile Hunter, New Caledonia",earthquake,4.5,11.7,0.114,23.0,reviewed,us,us
2017-02-24T13:41:14.840Z,12.5963,-87.8264,77.75,4.9,mb,,58.0,0.764,1.08,us,us20008m19,2017-03-04T12:40:41.371Z,"43km WSW of Jiquilillo, Nicaragua",earthquake,6.3,5.3,0.059000000000000004,90.0,reviewed,us,us
2017-02-24T12:28:25.620Z,49.7058,-129.1182,10.0,5.2,mww,,142.0,1.129,0.76,us,us20008m0k,2017-02-28T21:59:07.449Z,"164km SW of Port Hardy, Canada",earthquake,6.1,1.9,,,reviewed,us,us
2017-02-24T12:02:51.460Z,24.1314,93.4958,61.72,5.0,mb,,41.0,0.741,0.78,us,us20008m0e,2017-02-25T02:03:25.975Z,"28km SW of Churachandpur, India",earthquake,5.0,4.1,0.057,105.0,reviewed,us,us
2017-02-24T10:24:09.050Z,51.4291,176.3023,34.17,4.9,mb,,128.0,1.8780000000000001,0.71,us,us20008lzu,2017-03-04T17:59:43.243Z,"106km SSE of Buldir Island, Alaska",earthquake,9.2,5.7,0.037000000000000005,228.0,reviewed,us,us
2017-02-24T09:44:19.510Z,-9.5991,159.8768,28.42,4.9,mb,,97.0,0.174,0.69,us,us20008lzm,2017-02-24T20:52:56.666Z,"20km SSW of Honiara, Solomon Islands",earthquake,7.8,5.4,0.06,87.0,reviewed,us,us
2017-02-24T08:22:36.420Z,4.7036,96.9622,174.81,5.0,mb,,110.0,0.522,0.7,us,us20008lz4,2017-03-12T08:54:42.040Z,"56km SSW of Lhokseumawe, Indonesia",earthquake,8.2,7.1,0.059000000000000004,90.0,reviewed,us,us
2017-02-24T06:17:57.360Z,-44.9953,-14.2686,10.0,4.6,mb,,107.0,8.055,0.76,us,us100086t4,2017-03-09T10:09:48.040Z,Southern Mid-Atlantic Ridge,earthquake,9.7,1.9,0.223,6.0,reviewed,us,us
2017-02-24T05:59:07.350Z,-55.3028,-30.6778,10.0,5.3,mb,,78.0,3.515,0.55,us,us20008lyf,2017-03-09T09:59:25.040Z,"266km NW of Visokoi Island, South Georgia and the South Sandwich Islands",earthquake,9.9,1.2,0.059000000000000004,97.0,reviewed,us,us
2017-02-24T03:11:41.310Z,-15.8273,-71.6347,142.04,4.9,mb,,126.0,2.708,0.91,us,us20008lxn,2017-03-08T00:34:07.442Z,"19km WSW of Huarancante, Peru",earthquake,7.5,5.5,0.057999999999999996,94.0,reviewed,us,us
2017-02-24T00:32:17.530Z,-8.4449,30.0448,30.0,5.9,mww,,16.0,7.821000000000001,0.77,us,us20008lww,2017-03-11T00:58:32.567Z,"42km E of Kaputa, Zambia",earthquake,7.7,1.7,0.053,34.0,reviewed,us,us
2017-02-23T23:54:51.720Z,39.9021,143.1389,26.51,4.5,mb,,168.0,1.8159999999999998,0.88,us,us20008lwe,2017-02-27T05:57:31.040Z,"105km ENE of Miyako, Japan",earthquake,8.5,7.3,0.1,29.0,reviewed,us,us
2017-02-23T21:10:31.440Z,-21.2721,174.3809,10.0,5.5,mb,,38.0,4.928999999999999,1.03,us,us20008lv9,2017-02-27T05:23:31.968Z,"56km NNW of Ceva-i-Ra, Fiji",earthquake,8.5,1.8,0.035,289.0,reviewed,us,us
2017-02-23T20:13:40.310Z,86.1559,74.2575,10.0,5.0,mb,,44.0,18.264,0.86,us,us20008luw,2017-03-07T23:32:05.040Z,North of Severnaya Zemlya,earthquake,9.7,1.8,0.03,348.0,reviewed,us,us
2017-02-23T20:12:26.780Z,-29.3727,-177.4035,20.1,4.5,mb,,192.0,0.47600000000000003,0.73,us,us100086r5,2017-03-09T23:53:20.040Z,"49km ESE of Raoul Island, New Zealand",earthquake,5.8,6.9,0.151,13.0,reviewed,us,us
2017-02-23T17:07:04.870Z,16.2648,-98.6933,9.67,4.6,mb,,183.0,0.5579999999999999,0.97,us,us20008ltv,2017-03-07T23:30:17.893Z,"28km SSE of Tecoanapa, Mexico",earthquake,4.1,5.5,0.039,195.0,reviewed,us,us
2017-02-23T17:03:18.120Z,-22.4079,-178.4302,396.76,5.1,mb,,50.0,5.695,1.01,us,us20008ltr,2017-03-07T23:21:49.040Z,"196km S of Ndoi Island, Fiji",earthquake,9.9,5.0,0.03,370.0,reviewed,us,us
2017-02-23T16:23:46.020Z,-24.0027,179.335,545.21,4.6,mb,,116.0,6.34,0.65,us,us100086r3,2017-03-07T22:59:06.040Z,South of the Fiji Islands,earthquake,13.5,10.0,0.087,39.0,reviewed,us,us
2017-02-23T15:21:14.770Z,16.1542,-95.5219,55.29,4.9,mb,,150.0,3.2539999999999996,0.64,us,us20008lsy,2017-03-07T22:50:08.825Z,"34km W of Salina Cruz, Mexico",earthquake,4.0,8.3,0.031,316.0,reviewed,us,us
2017-02-23T15:16:12.160Z,12.1895,-88.1298,10.0,4.6,mb,,169.0,1.168,1.06,us,us20008lsw,2017-03-07T22:44:39.040Z,"96km SW of Jiquilillo, Nicaragua",earthquake,5.4,1.8,0.08199999999999999,44.0,reviewed,us,us
2017-02-23T15:11:05.790Z,-5.8455,146.745,116.0,5.4,mww,,14.0,3.56,0.99,us,us20008lsv,2017-03-07T22:28:58.388Z,"100km NNW of Lae, Papua New Guinea",earthquake,6.3,1.8,0.069,20.0,reviewed,us,us
2017-02-23T13:35:54.310Z,-43.125,171.7142,10.02,4.7,mwr,,49.0,0.31,0.97,us,us20008lsg,2017-03-03T14:39:14.040Z,"42km WNW of Oxford, New Zealand",earthquake,2.5,4.9,0.042,55.0,reviewed,us,us
2017-02-23T11:52:18.100Z,-19.2137,-172.8284,10.0,4.8,mb,,103.0,2.7460000000000004,0.99,us,us20008lrc,2017-02-23T12:07:21.040Z,"136km ESE of Neiafu, Tonga",earthquake,7.6,1.8,0.127,19.0,reviewed,us,us
2017-02-23T10:25:07.820Z,21.6192,143.2122,300.69,4.5,mb,,104.0,5.532,0.57,us,us20008lqv,2017-02-23T10:50:13.040Z,"212km NW of Farallon de Pajaros, Northern Mariana Islands",earthquake,11.1,7.8,0.040999999999999995,173.0,reviewed,us,us
2017-02-23T09:47:55.710Z,16.1889,-95.4139,75.03,4.8,mb,,153.0,3.1489999999999996,0.68,us,us20008lqk,2017-03-05T00:39:53.473Z,"23km W of Salina Cruz, Mexico",earthquake,8.7,8.7,0.035,256.0,reviewed,us,us
2017-02-23T06:04:59.030Z,49.7045,-129.1713,10.0,4.8,mb,,154.0,1.15,1.0,us,us20008lph,2017-02-24T18:54:48.783Z,"166km SW of Port Hardy, Canada",earthquake,7.6,1.9,0.032,304.0,reviewed,us,us
2017-02-23T01:50:16.740Z,7.0606,125.5854,15.55,4.6,mb,,98.0,0.011000000000000001,0.71,us,us20008lnh,2017-02-23T21:38:31.797Z,"3km WSW of Davao, Philippines",earthquake,10.4,5.3,0.11199999999999999,24.0,reviewed,us,us
2017-02-23T00:42:15.680Z,-58.266000000000005,-139.5672,10.0,5.2,mb,,26.0,26.366999999999997,0.61,us,us20008ln6,2017-03-11T02:56:21.215Z,Pacific-Antarctic Ridge,earthquake,12.6,1.7,0.067,74.0,reviewed,us,us
2017-02-22T23:46:30.670Z,-15.6509,168.0149,185.82,4.9,mb,,143.0,5.151,0.77,us,us20008lmp,2017-03-11T02:09:19.040Z,"81km NE of Norsup, Vanuatu",earthquake,12.6,7.6,0.07200000000000001,60.0,reviewed,us,us
2017-02-22T23:25:50.920Z,-44.2629,-15.7978,10.0,5.0,mb,,101.0,32.016,0.78,us,us20008lmf,2017-03-11T00:04:04.040Z,Southern Mid-Atlantic Ridge,earthquake,11.1,1.5,0.084,45.0,reviewed,us,us
2017-02-22T20:58:46.870Z,-29.6613,-176.9783,20.22,4.5,mb,,261.0,0.927,0.33,us,us100086j7,2017-03-09T23:56:28.040Z,"99km ESE of Raoul Island, New Zealand",earthquake,17.8,9.0,0.14,15.0,reviewed,us,us
2017-02-22T13:04:26.710Z,2.1976,132.6865,10.0,4.5,mb,,119.0,5.101,1.01,us,us20008lfd,2017-03-08T09:30:40.040Z,Palau region,earthquake,6.2,1.9,0.1,29.0,reviewed,us,us
2017-02-22T09:47:38.690Z,-20.8462,-178.5175,566.16,4.7,mb,,123.0,4.473,1.04,us,us20008ldu,2017-03-16T08:29:00.040Z,"28km SE of Ndoi Island, Fiji",earthquake,11.9,6.5,0.039,196.0,reviewed,us,us
2017-02-22T09:02:04.330Z,-15.7162,-173.4492,10.0,4.7,mb,,112.0,2.416,0.53,us,us20008ldf,2017-03-16T07:28:35.040Z,"41km NE of Hihifo, Tonga",earthquake,6.4,1.9,0.09,38.0,reviewed,us,us
2017-02-22T08:25:36.200Z,-60.8751,-51.5244,68.11,5.3,mb,,78.0,3.678,1.11,us,us20008lda,2017-02-22T09:00:25.040Z,Scotia Sea,earthquake,9.6,5.3,0.055,111.0,reviewed,us,us
2017-02-22T05:31:44.630Z,4.7831,127.5565,66.12,5.1,mb,,119.0,3.0039999999999996,0.98,us,us20008lcx,2017-02-23T02:20:47.534Z,"231km SE of Pondaguitan, Philippines",earthquake,5.4,7.5,0.053,114.0,reviewed,us,us
2017-02-22T01:29:04.690Z,-15.4104,-173.7514,71.6,4.6,mb,,155.0,2.424,0.64,us,us100086iw,2017-03-09T00:29:34.040Z,"59km N of Hihifo, Tonga",earthquake,10.4,12.5,0.152,13.0,reviewed,us,us
2017-02-21T14:46:43.650Z,3.8932,95.1135,35.0,4.5,mb,,264.0,2.258,0.79,us,us1000861f,2017-03-13T21:02:45.040Z,"115km WSW of Meulaboh, Indonesia",earthquake,10.2,2.0,0.243,5.0,reviewed,us,us
2017-02-21T14:24:52.280Z,-24.4242,-179.7923,503.05,4.8,mb,,153.0,6.943,0.87,us,us10008617,2017-03-13T20:48:39.040Z,South of the Fiji Islands,earthquake,13.9,18.0,0.22699999999999998,9.0,reviewed,us,us
2017-02-21T14:09:04.320Z,-19.2814,-63.9047,595.98,6.5,mww,,14.0,4.242,0.9,us,us20008l41,2017-03-14T13:55:31.666Z,"41km E of Padilla, Bolivia",earthquake,9.6,3.0,0.04,59.0,reviewed,us,us
2017-02-21T13:32:46.850Z,36.4616,70.9962,128.88,4.5,mb,,101.0,0.743,1.18,us,us20008l3y,2017-03-13T19:09:59.040Z,"47km SSE of Jarm, Afghanistan",earthquake,7.9,6.1,0.087,39.0,reviewed,us,us
2017-02-21T11:56:28.990Z,16.5654,-98.579,10.93,4.9,mb,,123.0,0.991,1.06,us,us20008l3k,2017-02-23T15:29:48.887Z,"19km ENE of Tecoanapa, Mexico",earthquake,6.2,4.6,0.03,345.0,reviewed,us,us
2017-02-21T11:08:16.190Z,-29.0979,61.2173,10.0,5.1,mb,,52.0,14.862,0.82,us,us20008l37,2017-02-21T12:03:20.040Z,Southwest Indian Ridge,earthquake,11.1,1.8,0.076,56.0,reviewed,us,us
2017-02-21T10:40:27.810Z,16.1932,-98.6763,10.0,4.7,mb,,159.0,1.365,1.07,us,us20008l2z,2017-02-23T10:18:10.992Z,"36km SSE of Tecoanapa, Mexico",earthquake,7.9,1.9,0.033,271.0,reviewed,us,us
2017-02-21T10:24:49.450Z,39.0495,69.9799,10.0,4.7,mb,,46.0,0.266,1.46,us,us20008l2v,2017-02-21T11:00:21.040Z,"15km WNW of Novobod, Tajikistan",earthquake,2.8,1.9,0.063,76.0,reviewed,us,us
2017-02-21T10:01:31.480Z,-10.9273,161.3386,10.0,4.9,mb,,60.0,2.015,0.93,us,us20008l2q,2017-02-21T10:35:45.040Z,"82km SW of Kirakira, Solomon Islands",earthquake,8.7,1.9,0.081,48.0,reviewed,us,us
2017-02-21T07:03:45.020Z,-6.314,147.727,52.7,4.5,mb,,104.0,3.1210000000000004,0.45,us,us20008l1y,2017-03-03T13:30:53.040Z,"35km NNW of Finschhafen, Papua New Guinea",earthquake,10.4,7.8,0.124,19.0,reviewed,us,us
2017-02-21T02:26:54.370Z,-20.5967,-178.3389,550.37,4.8,mb,,111.0,4.435,0.88,us,us20008l1d,2017-02-21T02:40:25.040Z,"38km E of Ndoi Island, Fiji",earthquake,5.5,11.7,0.16,12.0,reviewed,us,us
2017-02-20T23:55:48.750Z,-14.9768,-176.3811,6.0,5.5,mww,,95.0,4.584,0.84,us,us20008l0q,2017-02-26T06:09:41.365Z,"188km S of Mata-Utu, Wallis and Futuna",earthquake,10.9,1.8,,,reviewed,us,us
2017-02-20T19:35:48.360Z,8.2963,-79.2494,16.46,4.7,mb,,85.0,1.041,0.85,us,us20008ky6,2017-03-09T23:45:26.843Z,"73km ESE of Nueva Gorgona, Panama",earthquake,7.0,4.8,0.034,266.0,reviewed,us,us
2017-02-20T19:25:18.850Z,55.4652,163.6044,10.0,4.9,mb,,87.0,3.799,0.95,us,us20008ky4,2017-03-07T22:34:10.040Z,"110km SE of Ust'-Kamchatsk Staryy, Russia",earthquake,9.1,1.8,0.035,251.0,reviewed,us,us
2017-02-20T16:26:12.230Z,-2.4073,-12.3443,10.0,4.7,mb,,71.0,11.712,1.14,us,us100085zi,2017-03-13T14:44:52.040Z,North of Ascension Island,earthquake,13.1,1.9,0.126,19.0,reviewed,us,us
2017-02-20T14:59:06.780Z,-5.0078,153.579,56.88,5.0,mb,,99.0,1.6269999999999998,0.6,us,us20008kwg,2017-03-13T14:08:16.040Z,"85km SE of Taron, Papua New Guinea",earthquake,4.9,6.8,0.057999999999999996,95.0,reviewed,us,us
2017-02-20T07:53:06.260Z,-37.595,178.8068,32.16,4.9,mb,,255.0,0.39799999999999996,0.91,us,us20008kvk,2017-02-20T15:55:44.948Z,"136km NNE of Gisborne, New Zealand",earthquake,11.3,8.9,0.11,26.0,reviewed,us,us
2017-02-20T07:45:10.150Z,-5.2197,-74.9708,10.0,5.4,mb,,84.0,3.359,1.3,us,us20008kvi,2017-02-21T19:52:51.000Z,"78km E of Lagunas, Peru",earthquake,6.1,1.7,0.023,638.0,reviewed,us,us
2017-02-20T06:10:36.880Z,2.3783,95.2852,25.5,5.0,mb,,150.0,2.525,0.5,us,us20008kva,2017-02-20T06:25:41.040Z,"122km W of Sinabang, Indonesia",earthquake,6.3,5.8,0.092,38.0,reviewed,us,us
2017-02-20T05:18:10.980Z,-21.4938,-178.8169,533.33,4.5,mb,,72.0,4.755,1.32,us,us20008kv2,2017-02-20T05:39:13.040Z,"94km S of Ndoi Island, Fiji",earthquake,12.1,4.2,0.052000000000000005,107.0,reviewed,us,us
2017-02-20T03:56:45.190Z,-11.5455,166.3501,49.66,5.0,mb,,53.0,6.635,0.82,us,us20008kus,2017-03-08T02:25:03.905Z,"107km SSE of Lata, Solomon Islands",earthquake,8.6,5.1,0.047,145.0,reviewed,us,us
2017-02-20T02:58:38.970Z,32.5142,141.9224,10.0,4.6,mb,,148.0,1.874,1.08,us,us100085za,2017-03-07T23:10:24.040Z,"208km ESE of Hachijo-jima, Japan",earthquake,4.8,1.9,0.146,14.0,reviewed,us,us
2017-02-20T00:17:48.890Z,-12.7796,169.6828,662.16,4.6,mb,,105.0,8.796,0.63,us,us100085z1,2017-03-04T04:57:30.040Z,"261km ENE of Sola, Vanuatu",earthquake,15.8,15.2,0.091,36.0,reviewed,us,us
2017-02-19T23:29:02.310Z,-6.0832,154.9004,161.55,4.5,mb,,119.0,3.3110000000000004,0.69,us,us100085rx,2017-03-04T04:20:31.040Z,"69km WNW of Panguna, Papua New Guinea",earthquake,11.9,8.0,0.09300000000000001,34.0,reviewed,us,us
2017-02-19T19:10:03.520Z,-6.4575,152.5449,18.85,4.9,mb,,113.0,2.283,0.95,us,us20008ku0,2017-03-03T14:43:21.040Z,"226km SSW of Taron, Papua New Guinea",earthquake,9.9,6.0,0.077,54.0,reviewed,us,us
2017-02-19T19:07:25.830Z,-37.4792,-73.8972,18.39,4.7,mb,,99.0,0.9229999999999999,0.59,us,us20008ktu,2017-02-19T19:51:46.757Z,"26km NW of Lebu, Chile",earthquake,4.8,5.3,0.159,12.0,reviewed,us,us
2017-02-19T17:07:16.800Z,-19.3951,-177.3367,574.94,4.5,mb,,81.0,4.671,1.1,us,us20008ktn,2017-03-03T14:47:52.040Z,"199km NE of Ndoi Island, Fiji",earthquake,13.9,9.6,0.091,35.0,reviewed,us,us
2017-02-19T16:20:33.070Z,-10.6527,115.8822,41.07,4.7,mb,,109.0,2.759,0.86,us,us100085rm,2017-03-12T19:54:00.040Z,"199km SSW of Kute, Indonesia",earthquake,8.3,6.8,0.079,49.0,reviewed,us,us
2017-02-19T15:49:19.230Z,-37.4652,-74.0598,26.8,4.5,mwr,,196.0,0.997,0.46,us,us20008kt6,2017-03-12T19:26:48.434Z,"39km WNW of Lebu, Chile",earthquake,8.3,7.0,,,reviewed,us,guc
2017-02-19T15:39:42.100Z,-7.8406,107.9434,67.97,4.7,mb,,48.0,2.556,0.98,us,us20008kt4,2017-03-12T19:19:31.040Z,"12km S of Ciheras, Indonesia",earthquake,8.6,6.9,0.079,49.0,reviewed,us,us
2017-02-19T15:14:07.500Z,-6.4023,104.6528,45.93,5.1,mb,,82.0,2.639,0.81,us,us20008ksv,2017-03-12T18:24:47.040Z,"100km S of Kotaagung, Indonesia",earthquake,6.7,5.9,0.067,72.0,reviewed,us,us
2017-02-19T14:50:45.510Z,22.9882,124.8534,10.0,4.5,mb,,128.0,2.24,0.72,us,us100085ri,2017-03-12T14:44:20.040Z,"166km SSE of Ishigaki, Japan",earthquake,11.3,1.9,0.071,58.0,reviewed,us,us
2017-02-19T14:08:48.070Z,-11.6225,166.4644,153.89,4.7,mb,,146.0,9.12,0.68,us,us100085rg,2017-03-12T13:51:49.040Z,"121km SE of Lata, Solomon Islands",earthquake,6.2,10.4,0.11699999999999999,25.0,reviewed,us,us
2017-02-19T11:02:20.010Z,-15.8246,-179.6647,10.0,4.9,mb,,122.0,2.9019999999999997,0.92,us,us20008ksg,2017-03-03T08:52:14.040Z,"121km ENE of Lambasa, Fiji",earthquake,15.0,1.9,0.12,22.0,reviewed,us,us
2017-02-19T10:42:08.390Z,13.7674,147.5275,10.0,5.1,mb,,59.0,2.59,0.62,us,us20008ksf,2017-03-03T08:50:42.040Z,"244km ESE of JP Tinian Town pre-WW2, Northern Mariana Islands",earthquake,10.1,1.9,0.064,78.0,reviewed,us,us
2017-02-19T09:37:23.060Z,-37.566,-73.866,14.4,4.6,mb,,108.0,0.978,0.84,us,us20008ksb,2017-03-03T08:46:43.078Z,"19km WNW of Lebu, Chile",earthquake,7.7,5.0,0.16399999999999998,11.0,reviewed,us,us
2017-02-19T09:19:31.080Z,35.6621,140.7523,42.0,5.4,mww,,82.0,2.202,1.27,us,us20008ks7,2017-03-03T08:45:34.569Z,"10km SW of Hasaki, Japan",earthquake,6.4,1.9,0.071,19.0,reviewed,us,us
2017-02-19T07:06:55.120Z,-37.5395,-73.8852,20.0,4.5,mwr,,134.0,0.965,0.75,us,us20008krx,2017-03-15T11:04:45.439Z,"22km WNW of Lebu, Chile",earthquake,6.6,2.0,,,reviewed,us,guc
2017-02-19T07:05:53.550Z,-24.6703,179.5359,519.98,4.5,mb,,118.0,7.028,1.18,us,us20008kry,2017-03-15T09:30:41.040Z,South of the Fiji Islands,earthquake,13.3,8.9,0.102,28.0,reviewed,us,us
2017-02-19T04:03:33.600Z,-37.5559,-73.6964,13.57,4.5,mwr,,121.0,0.902,0.85,us,us20008kqn,2017-03-05T06:29:44.430Z,"7km NNW of Lebu, Chile",earthquake,5.5,2.9,0.047,43.0,reviewed,us,us
2017-02-18T23:31:18.220Z,13.9019,-91.9944,35.0,4.5,mb,,160.0,0.6829999999999999,1.1,us,us20008kq3,2017-03-08T03:23:10.040Z,"44km S of Champerico, Guatemala",earthquake,6.0,2.0,0.059000000000000004,84.0,reviewed,us,us
2017-02-18T22:23:00.010Z,13.4426,145.8877,36.87,4.9,mb,,65.0,1.002,0.58,us,us20008kpw,2017-03-04T06:05:23.922Z,"108km E of Yigo Village, Guam",earthquake,8.6,6.7,0.055999999999999994,101.0,reviewed,us,us
2017-02-18T22:18:11.670Z,-23.5006,-175.2493,10.0,4.6,mb,,96.0,6.632000000000001,0.61,us,us100085qm,2017-03-08T00:28:28.040Z,"241km S of `Ohonua, Tonga",earthquake,7.8,1.9,0.141,15.0,reviewed,us,us
2017-02-18T12:43:33.250Z,-23.9825,-66.7687,198.99,4.5,mb,,68.0,2.395,0.87,us,us20008knf,2017-03-03T08:36:12.040Z,"52km WNW of San Antonio de los Cobres, Argentina",earthquake,8.8,7.6,0.10099999999999999,29.0,reviewed,us,us
2017-02-18T12:10:17.970Z,-23.8613,-66.6592,222.0,6.3,mww,,28.0,2.415,1.23,us,us20008kn8,2017-03-03T08:33:46.369Z,"52km NW of San Antonio de los Cobres, Argentina",earthquake,6.9,1.8,0.039,63.0,reviewed,us,us
2017-02-18T11:24:05.380Z,3.9854,126.8171,41.15,4.5,mb,,136.0,3.239,0.38,us,us100085q8,2017-03-03T08:22:33.040Z,"217km SE of Sarangani, Philippines",earthquake,9.9,8.7,0.14,15.0,reviewed,us,us
2017-02-18T10:58:49.530Z,0.2398,-24.7906,10.0,4.5,mb,,96.0,16.057000000000002,0.56,us,us100085q7,2017-03-12T11:07:42.040Z,Central Mid-Atlantic Ridge,earthquake,7.3,1.9,0.11599999999999999,22.0,reviewed,us,us
2017-02-18T09:37:38.060Z,-25.0275,179.8409,505.49,4.6,mb,,95.0,4.647,0.81,us,us100085q5,2017-03-12T07:08:08.040Z,South of the Fiji Islands,earthquake,13.2,9.6,0.091,36.0,reviewed,us,us
2017-02-18T07:04:18.230Z,26.3261,-44.6236,10.0,4.6,mb,,105.0,18.497,0.87,us,us20008kmm,2017-03-05T14:28:46.040Z,Northern Mid-Atlantic Ridge,earthquake,12.7,1.9,0.08800000000000001,39.0,reviewed,us,us
2017-02-18T07:01:28.010Z,10.4092,126.74799999999999,63.14,4.5,mb,,133.0,16.455,0.55,us,us100085q1,2017-03-05T13:10:23.040Z,"85km ENE of San Isidro, Philippines",earthquake,14.1,8.5,0.111,24.0,reviewed,us,us
2017-02-18T02:43:31.110Z,-35.4763,-102.7473,10.0,4.8,mb,,127.0,10.047,0.75,us,us20008klu,2017-03-03T01:10:14.040Z,Southeast of Easter Island,earthquake,13.4,1.9,0.048,132.0,reviewed,us,us
2017-02-18T00:22:53.100Z,-56.1176,-27.2606,81.82,4.7,mb,,126.0,5.595,0.93,us,us100085pz,2017-03-11T23:17:49.040Z,"64km N of Visokoi Island, South Georgia and the South Sandwich Islands",earthquake,9.2,8.3,0.08,47.0,reviewed,us,us
2017-02-17T21:33:15.060Z,3.8032,126.7453,66.27,4.8,mb,,64.0,3.074,0.75,us,us20008kks,2017-02-25T01:22:15.040Z,"227km SE of Sarangani, Philippines",earthquake,5.5,7.6,0.07200000000000001,59.0,reviewed,us,us
2017-02-17T19:31:35.720Z,-13.4465,-111.8266,10.0,4.7,mb,,158.0,24.820999999999998,0.79,us,us20008kka,2017-03-04T22:52:55.040Z,Central East Pacific Rise,earthquake,13.9,1.9,0.039,203.0,reviewed,us,us
2017-02-17T18:07:13.700Z,45.8906,150.4048,100.2,4.5,mb,,138.0,5.392,1.01,us,us20008kk5,2017-03-04T22:33:56.040Z,"209km ENE of Kuril'sk, Russia",earthquake,9.2,7.5,0.061,78.0,reviewed,us,us
2017-02-17T17:45:48.290Z,14.4681,144.2433,390.8,4.7,mb,,39.0,1.063,0.61,us,us20008kjq,2017-03-04T22:30:14.040Z,"109km WNW of Rota, Northern Mariana Islands",earthquake,10.1,5.4,0.040999999999999995,177.0,reviewed,us,us
2017-02-17T17:05:40.390Z,52.8655,-32.3823,10.0,4.5,mb,,154.0,13.062000000000001,0.54,us,us20008mrl,2017-03-04T21:53:35.040Z,Reykjanes Ridge,earthquake,12.0,1.9,0.111,24.0,reviewed,us,us
2017-02-17T15:33:30.660Z,20.0665,-156.0566667,40.721,4.66,ml,25.0,133.0,0.1881,0.13,hv,hv61610021,2017-03-11T01:44:14.266Z,"24km NW of Waikoloa Village, Hawaii",earthquake,0.55,0.99,0.18899999999999997,44.0,reviewed,hv,hv
2017-02-17T14:05:40.640Z,-10.3927,161.2381,80.12,4.7,mb,,130.0,1.5859999999999999,0.62,us,us20008kga,2017-03-03T08:12:17.040Z,"75km W of Kirakira, Solomon Islands",earthquake,4.8,9.2,0.11199999999999999,24.0,reviewed,us,us
2017-02-17T11:21:32.050Z,-2.4622,140.0246,40.6,5.3,mb,,35.0,7.78,0.94,us,us20008kez,2017-02-17T15:09:51.040Z,"64km WNW of Abepura, Indonesia",earthquake,8.3,6.0,0.049,139.0,reviewed,us,us
2017-02-17T09:18:29.940Z,9.8335,125.3807,35.26,4.7,mb,,78.0,2.753,1.17,us,us20008ken,2017-02-23T02:31:45.896Z,"7km WNW of Mabua, Philippines",earthquake,4.4,7.9,0.07200000000000001,59.0,reviewed,us,us
2017-02-17T09:17:52.090Z,-23.4664,-70.5704,61.95,4.5,mwr,,109.0,0.049,1.4,us,us20008kem,2017-02-18T12:47:20.712Z,"26km NW of Antofagasta, Chile",earthquake,6.7,7.0,0.048,42.0,reviewed,us,us
2017-02-17T05:04:32.210Z,4.573,96.5459,41.74,4.6,mb,,92.0,0.764,0.91,us,us20008ke5,2017-03-05T12:24:29.040Z,"66km NE of Meulaboh, Indonesia",earthquake,7.3,8.3,0.096,32.0,reviewed,us,us
2017-02-17T01:18:04.990Z,25.1201,125.1252,18.97,4.7,mb,,110.0,2.028,0.66,us,us20008kde,2017-03-01T03:56:29.040Z,"38km NNW of Hirara, Japan",earthquake,8.8,5.2,0.073,56.0,reviewed,us,us
2017-02-16T22:51:11.650Z,-3.0824,146.3165,10.0,4.5,mb,,118.0,6.336,0.39,us,us20008m62,2017-02-26T04:11:09.040Z,"158km SW of Lorengau, Papua New Guinea",earthquake,9.4,1.9,0.14,15.0,reviewed,us,us
2017-02-16T21:59:01.730Z,-19.2135,169.2781,141.58,4.6,mb,,157.0,2.468,0.7,us,us20008m61,2017-02-26T04:26:27.040Z,"37km N of Isangel, Vanuatu",earthquake,13.7,10.4,0.141,15.0,reviewed,us,us
2017-02-16T21:48:30.290Z,13.5357,-91.4545,35.0,4.5,mb,,167.0,1.01,0.94,us,us20008kcb,2017-02-25T02:15:08.040Z,"74km SW of La Gomera, Guatemala",earthquake,3.0,2.0,0.047,131.0,reviewed,us,us
2017-02-16T21:44:05.130Z,18.7358,145.1448,345.62,5.0,mb,,28.0,5.124,0.88,us,us20008kc8,2017-02-25T02:33:07.040Z,"55km W of Agrihan, Northern Mariana Islands",earthquake,9.5,5.8,0.032,314.0,reviewed,us,us
2017-02-16T19:53:53.600Z,-16.3038,-174.1205,92.3,4.9,mb,,58.0,3.284,0.92,us,us20008kb6,2017-03-06T14:04:41.040Z,"55km SW of Hihifo, Tonga",earthquake,8.7,5.4,0.035,255.0,reviewed,us,us
2017-02-16T19:39:18.570Z,-35.8204,-73.8069,18.93,4.5,mb,,166.0,1.051,0.7,us,us20008kaw,2017-02-17T15:16:25.040Z,"117km NNW of Talcahuano, Chile",earthquake,8.3,5.3,0.106,26.0,reviewed,us,us
2017-02-16T18:39:46.550Z,-35.8397,-73.6786,23.38,4.6,mwr,,117.0,0.988,1.06,us,us20008kaj,2017-02-17T15:13:44.040Z,"108km NW of Tome, Chile",earthquake,3.8,6.5,,,reviewed,us,guc
2017-02-16T15:00:58.510Z,18.3608,147.1541,49.45,4.5,mb,,98.0,5.228,0.85,us,us20008m5v,2017-03-04T17:14:09.040Z,"148km E of Pagan, Northern Mariana Islands",earthquake,9.8,7.6,0.075,57.0,reviewed,us,us
2017-02-16T13:33:42.450Z,14.4957,-90.5518,197.27,4.9,mb,,122.0,1.107,1.13,us,us20008k7u,2017-02-16T13:50:57.040Z,"0km S of Petapa, Guatemala",earthquake,7.7,7.3,0.065,74.0,reviewed,us,us
2017-02-16T12:51:55.060Z,18.7828,-69.3977,105.91,4.6,mb,,113.0,0.586,0.89,us,us20008k7r,2017-02-27T01:14:21.580Z,"7km E of El Puerto, Dominican Republic",earthquake,3.9,7.8,0.07,61.0,reviewed,us,us
2017-02-16T12:10:00.670Z,-20.6938,-178.5661,586.96,5.1,mb,,85.0,4.337,0.94,us,us20008k6s,2017-02-16T17:28:49.040Z,"14km ESE of Ndoi Island, Fiji",earthquake,10.9,8.6,0.08199999999999999,48.0,reviewed,us,us
2017-02-16T10:36:08.570Z,-7.1634,-80.64,40.17,4.8,mb,,123.0,2.858,0.82,us,us20008k68,2017-02-16T13:57:42.678Z,"85km WSW of Pimentel, Peru",earthquake,8.8,4.8,0.047,141.0,reviewed,us,us
2017-02-16T07:02:05.500Z,-30.1677,-72.1093,9.84,5.4,mww,,136.0,0.795,1.04,us,us20008k59,2017-03-05T08:54:33.435Z,"77km WSW of Coquimbo, Chile",earthquake,4.0,3.2,0.048,41.0,reviewed,us,us
2017-02-16T06:27:07.020Z,6.9502,125.4062,24.77,4.5,mb,,106.0,0.20800000000000002,1.01,us,us20008kcd,2017-03-11T13:13:13.695Z,"2km SSW of Baracatan, Philippines",earthquake,14.6,7.5,0.136,16.0,reviewed,us,us
2017-02-16T05:38:34.620Z,-17.8233,-13.7371,10.0,5.0,mb,,58.0,7.871,0.58,us,us20008k4y,2017-03-11T13:19:39.040Z,Southern Mid-Atlantic Ridge,earthquake,10.5,1.8,0.064,77.0,reviewed,us,us
2017-02-16T00:19:00.240Z,39.5439,26.1208,7.1,4.5,mwr,,33.0,1.351,0.87,us,us20008k41,2017-03-03T06:39:26.602Z,"19km WNW of Behram, Turkey",earthquake,4.4,4.2,0.066,22.0,reviewed,us,us
2017-02-15T23:01:23.840Z,34.7047,24.9022,25.94,4.6,mb,,62.0,0.5820000000000001,0.71,us,us20008k3m,2017-03-03T04:42:36.497Z,"38km S of Moirai, Greece",earthquake,2.8,4.7,0.06,82.0,reviewed,us,us
2017-02-15T22:30:40.010Z,-18.0036,-178.2524,612.84,4.5,mb,,160.0,3.528,0.57,us,us20008m3u,2017-03-03T04:52:11.040Z,"296km N of Ndoi Island, Fiji",earthquake,14.5,10.1,0.107,26.0,reviewed,us,us
2017-02-15T19:53:31.800Z,5.2541,96.1999,38.57,5.0,mb,,41.0,0.7440000000000001,1.25,us,us20008k22,2017-03-06T14:10:19.859Z,"10km WNW of Reuleuet, Indonesia",earthquake,7.0,5.0,0.063,82.0,reviewed,us,us
2017-02-15T19:47:07.360Z,5.2905,96.0645,13.0,5.4,mww,,35.0,0.8809999999999999,1.29,us,us20008k1z,2017-03-07T21:26:22.298Z,"15km SE of Sigli, Indonesia",earthquake,5.3,1.7,0.061,26.0,reviewed,us,us
2017-02-15T19:41:00.930Z,37.196,135.2654,367.36,4.5,mb,,28.0,2.316,0.99,us,us20008k1x,2017-03-06T15:29:11.040Z,"134km NW of Mikuni, Japan",earthquake,7.8,5.8,0.037000000000000005,211.0,reviewed,us,us
2017-02-15T19:26:11.720Z,-4.4562,152.9494,81.94,4.6,mb,,89.0,0.826,0.65,us,us20008k1q,2017-02-15T23:15:42.040Z,"9km W of Taron, Papua New Guinea",earthquake,8.8,7.9,0.094,34.0,reviewed,us,us
2017-02-15T18:53:38.570Z,-7.5161,107.3878,77.33,5.0,mb,,40.0,3.063,1.21,us,us20008k1a,2017-03-06T15:28:16.729Z,"4km SE of Kaum, Indonesia",earthquake,8.5,4.6,0.057,99.0,reviewed,us,us
2017-02-15T17:58:14.050Z,-59.3933,149.4026,10.0,4.9,mb,,119.0,7.162999999999999,0.95,us,us20008k14,2017-03-06T15:17:28.040Z,West of Macquarie Island,earthquake,9.4,1.9,0.10400000000000001,29.0,reviewed,us,us
2017-02-15T17:33:22.900Z,0.4888,99.7436,153.29,4.5,mb,,135.0,1.306,0.86,us,us20008k0x,2017-03-06T15:12:26.040Z,"77km NW of Bonjol, Indonesia",earthquake,7.0,7.9,0.10400000000000001,27.0,reviewed,us,us
2017-02-15T15:51:50.160Z,-33.1872,-69.6605,21.39,4.7,mb,,42.0,0.556,0.85,us,us20008jzz,2017-03-07T06:17:58.317Z,"84km WSW of Mendoza, Argentina",earthquake,3.6,6.2,0.153,13.0,reviewed,us,us
2017-02-15T15:28:16.720Z,52.2948,-173.4021,100.39,4.5,mb,,138.0,2.066,0.98,us,us20008jzk,2017-03-07T06:03:24.040Z,"55km ENE of Atka, Alaska",earthquake,9.7,7.9,0.045,142.0,reviewed,us,us
2017-02-15T14:07:29.500Z,3.9156,126.8062,44.56,5.0,mb,,107.0,3.1719999999999997,0.79,us,us20008jzd,2017-03-05T08:21:33.040Z,"221km SE of Sarangani, Philippines",earthquake,4.5,7.0,0.064,79.0,reviewed,us,us
2017-02-15T10:55:13.520Z,-60.9067,-51.4435,10.0,4.6,mb,,135.0,3.701,0.44,us,us20008m3k,2017-03-11T08:57:45.040Z,Scotia Sea,earthquake,6.5,2.0,0.098,31.0,reviewed,us,us
2017-02-15T10:48:55.470Z,-5.5129,147.2432,208.84,4.5,mb,,58.0,3.867,0.69,us,us20008m3l,2017-03-11T08:08:31.040Z,"136km NNE of Lae, Papua New Guinea",earthquake,8.1,8.0,0.111,24.0,reviewed,us,us
2017-02-15T07:50:27.720Z,38.186,72.8313,117.52,4.7,mb,,86.0,2.079,1.24,us,us20008jwh,2017-02-15T08:18:31.040Z,"99km W of Murghob, Tajikistan",earthquake,7.1,8.4,0.12,21.0,reviewed,us,us
2017-02-15T03:05:31.580Z,-56.0673,-26.6769,42.83,5.1,mb,,81.0,18.611,0.75,us,us20008jvg,2017-03-16T01:55:29.040Z,"77km NNE of Visokoi Island, South Georgia and the South Sandwich Islands",earthquake,15.0,5.8,0.077,54.0,reviewed,us,us
2017-02-15T02:47:38.200Z,12.1516,-88.2756,42.05,4.8,mb,,151.0,1.314,0.86,us,us20008jvc,2017-03-07T05:42:40.040Z,"111km SW of Jiquilillo, Nicaragua",earthquake,7.4,8.7,0.036000000000000004,238.0,reviewed,us,us
2017-02-15T01:34:20.450Z,0.8176,-28.3284,10.0,4.9,mb,,92.0,14.815999999999999,0.79,us,us20008jv2,2017-03-07T04:31:40.040Z,Central Mid-Atlantic Ridge,earthquake,12.2,1.9,0.07400000000000001,58.0,reviewed,us,us
2017-02-14T22:19:56.280Z,-5.8787,154.618,75.19,5.1,mb,,100.0,2.964,0.75,us,us20008jtf,2017-03-03T23:29:06.040Z,"107km WNW of Panguna, Papua New Guinea",earthquake,8.3,7.2,0.07200000000000001,63.0,reviewed,us,us
